-- phpMyAdmin SQL Dump
-- version 4.9.11
-- https://www.phpmyadmin.net/
--
-- Host: localhost:3306
-- Generation Time: Aug 06, 2023 at 10:47 PM
-- Server version: 5.7.42-cll-lve
-- PHP Version: 7.4.33

SET SQL_MODE = "NO_AUTO_VALUE_ON_ZERO";
SET AUTOCOMMIT = 0;
START TRANSACTION;
SET time_zone = "+00:00";


/*!40101 SET @OLD_CHARACTER_SET_CLIENT=@@CHARACTER_SET_CLIENT */;
/*!40101 SET @OLD_CHARACTER_SET_RESULTS=@@CHARACTER_SET_RESULTS */;
/*!40101 SET @OLD_COLLATION_CONNECTION=@@COLLATION_CONNECTION */;
/*!40101 SET NAMES utf8mb4 */;

--
-- Database: `keebee_new`
--

-- --------------------------------------------------------

--
-- Table structure for table `areas`
--

CREATE TABLE `areas` (
  `areaId` bigint(20) NOT NULL,
  `userID` int(11) DEFAULT NULL,
  `areaName` longtext,
  `quadrantName` text,
  `createdAt` datetime DEFAULT NULL,
  `updatedAt` datetime DEFAULT NULL,
  `isActive` int(11) DEFAULT '1',
  `isSync` text,
  `deleted` int(11) DEFAULT NULL,
  `syncDate` datetime DEFAULT CURRENT_TIMESTAMP ON UPDATE CURRENT_TIMESTAMP,
  `deviceId` text
) ENGINE=InnoDB DEFAULT CHARSET=latin1;

--
-- Dumping data for table `areas`
--

INSERT INTO `areas` (`areaId`, `userID`, `areaName`, `quadrantName`, `createdAt`, `updatedAt`, `isActive`, `isSync`, `deleted`, `syncDate`, `deviceId`) VALUES
(1690882354300, 1, 'Area 1', 'Quadrant1', '2023-08-01 12:32:34', '2023-08-01 12:32:34', 1, '0', 1, '2023-08-05 01:09:41', '124B1E03-1A1C-41DC-A6C8-39C0A9BBF3DF'),
(1691011740708, 1, 'Airdrie', 'Quadrant1', '2023-08-02 15:29:01', '2023-08-02 15:29:01', 1, '0', 0, '2023-08-07 01:13:38', ''),
(1691011748280, 1, 'Airport', 'Quadrant8', '2023-08-02 15:29:08', '2023-08-02 15:29:08', 1, '0', 0, '2023-08-07 01:13:38', ''),
(1691011755839, 1, 'Byemoor', 'Quadrant2', '2023-08-02 15:29:16', '2023-08-02 15:29:16', 1, '0', 0, '2023-08-07 01:13:38', ''),
(1691011765451, 1, 'Champion', 'Quadrant8', '2023-08-02 15:29:25', '2023-08-02 15:29:25', 1, '0', 0, '2023-08-07 01:13:38', ''),
(1691011776998, 1, 'Homestead Coullee', 'Quadrant3', '2023-08-02 15:29:37', '2023-08-02 15:29:37', 1, '0', 0, '2023-08-07 01:13:38', ''),
(1691011782474, 1, 'Rowley', 'Quadrant2', '2023-08-02 15:29:48', '2023-08-02 15:29:48', 1, '0', 0, '2023-08-07 01:13:38', ''),
(1691011799392, 1, 'Rockyford North', 'Quadrant5', '2023-08-02 15:29:59', '2023-08-02 15:29:59', 1, '0', 0, '2023-08-07 01:13:38', ''),
(1691011808017, 1, 'Longview', 'Quadrant7', '2023-08-02 15:30:08', '2023-08-02 15:30:08', 1, '0', 0, '2023-08-07 01:13:38', ''),
(1691011815159, 1, 'Lomond', 'Quadrant9', '2023-08-02 15:30:15', '2023-08-02 15:30:15', 1, '0', 0, '2023-08-07 01:13:38', ''),
(1691011824951, 1, 'Hussar', 'Quadrant6', '2023-08-02 15:30:25', '2023-08-02 15:30:25', 1, '0', 0, '2023-08-07 01:13:38', ''),
(1691250738687, 1, '21 North', 'Quadrant5', '2023-08-05 09:52:19', '2023-08-05 09:52:19', 1, '0', 0, '2023-08-07 01:13:38', ''),
(1691345724662, 1, 'Offline Propane Area', 'Quadrant1', '2023-08-06 12:15:25', '2023-08-06 12:15:25', 1, '0', 0, '2023-08-07 01:13:38', '');

-- --------------------------------------------------------

--
-- Table structure for table `clients`
--

CREATE TABLE `clients` (
  `clientId` bigint(20) NOT NULL,
  `userId` int(11) DEFAULT NULL,
  `billingName` text,
  `contactName` text,
  `physicalAddress` text,
  `direction` text,
  `phone` text,
  `secondPhone` text,
  `area` text,
  `note` text,
  `shitlist` text,
  `prepay` text,
  `callFirst` text,
  `warning` text,
  `auto` text,
  `createdAt` datetime DEFAULT NULL,
  `updatedAt` datetime DEFAULT NULL ON UPDATE CURRENT_TIMESTAMP,
  `isActive` int(11) DEFAULT '1',
  `isSync` text,
  `deleted` int(11) DEFAULT NULL,
  `syncDate` datetime DEFAULT CURRENT_TIMESTAMP ON UPDATE CURRENT_TIMESTAMP,
  `deviceId` text
) ENGINE=InnoDB DEFAULT CHARSET=latin1;

--
-- Dumping data for table `clients`
--

INSERT INTO `clients` (`clientId`, `userId`, `billingName`, `contactName`, `physicalAddress`, `direction`, `phone`, `secondPhone`, `area`, `note`, `shitlist`, `prepay`, `callFirst`, `warning`, `auto`, `createdAt`, `updatedAt`, `isActive`, `isSync`, `deleted`, `syncDate`, `deviceId`) VALUES
(1691067627223, 1, 'Bernie Biever (Stay off grass and cement)', 'Bernie', '285194 TWP 270 SE', '5 kms E of Hwy 2 and Yankee Valley Exit. Before storage mart. NSR. Back up to SS of shop and stretch hose.', '4036206996', '7026863198 Nevada Number', 'Airdrie', 'Gate 1370', 'no', 'no', 'no', 'no', 'Demand', '2023-08-03 07:00:27', '2023-08-03 07:00:27', 1, '0', 0, '2023-08-07 01:13:38', 'C2E5C4F2-267B-45BF-9ECB-8696259D45F4'),
(1691067980410, 1, 'Bruce Stover', '', '4027 TWP 292', 'Hwy 22 and TWP 292. 1 1/2E. SSR. Access is on the WS of the little bend in road. Not at sign. Back in from road.', '4036506144', '', 'Airdrie', '', 'no', 'no', 'no', 'no', 'Demand', '2023-08-03 07:06:20', '2023-08-03 07:06:20', 1, '0', 0, '2023-08-07 01:13:38', 'C2E5C4F2-267B-45BF-9ECB-8696259D45F4'),
(1691068156654, 1, 'Carolyn and Bill Leask', 'Carolyn Leask', '29140 RRD 40', 'TWP 292 and RRD 40. 1S. W into', '4036373914 Bill', '5878303914 Carolyn', 'Airdrie', 'Gate 1946', 'no', 'no', 'no', 'no', 'Auto', '2023-08-03 07:09:17', '2023-08-03 07:09:17', 1, '0', 0, '2023-08-07 01:13:38', 'C2E5C4F2-267B-45BF-9ECB-8696259D45F4'),
(1691078811486, 1, 'Trenton Quiafe', '', '30448 Hwy 791', 'Hwy 791 (RRD 281) and TWP 310. 1 1/2S. WSR', '4039930694', '', 'Airdrie', 'gate 8250', 'no', 'no', 'no', 'no', 'Demand', '2023-08-03 10:06:51', '2023-08-03 10:06:51', 1, '0', 0, '2023-08-07 01:13:38', 'C2E5C4F2-267B-45BF-9ECB-8696259D45F4'),
(1691078980969, 1, 'Stephen DeGraff', '', '260043 TWP 163', 'Hwy 534 and RRD 260. 3S. 1/2W. SSR.', '4036462514', '4036013511', 'Airport', '', 'no', 'no', 'no', 'no', 'Auto', '2023-08-03 10:09:41', '2023-08-03 10:09:41', 1, '0', 0, '2023-08-07 01:13:38', 'C2E5C4F2-267B-45BF-9ECB-8696259D45F4'),
(1691164358472, 1, 'Peter Wyatt', '', '165014 RRD 251', 'Hwy 534 and RRD 251. 3/4S. WSR. Tanks on NW corner of brown shop. WS of Caragana bushes', '4034230083', '4034852246', 'Airport', '', 'no', 'no', 'no', 'no', 'Demand', '2023-08-04 09:52:38', '2023-08-04 09:52:38', 1, '0', 0, '2023-08-07 01:13:38', 'C2E5C4F2-267B-45BF-9ECB-8696259D45F4'),
(1691164618704, 1, 'Allan Smith', '', '161057 RRD 253 (Hangr 52)', 'Hwy 534 and RRD 253. 4 1/2 S. ESR. Follow road past bend to hangar 52. (Sign is faded. Hydrant at the entrance.) Watch out for septic tank and field.', '4036346050', '4033828275', 'Airport', 'Watch out for septic field and tank.\nGate 5781', 'no', 'no', 'no', 'yes', 'Auto', '2023-08-04 09:58:06', '2023-08-04 09:58:06', 1, '0', 0, '2023-08-07 01:13:38', 'C2E5C4F2-267B-45BF-9ECB-8696259D45F4'),
(1691173993311, 1, 'Jason Avramenko', '', '324078 RRD 192', 'RRD 192 and TWP 324. 3/4N. WSR ', '3033682237', '', 'Rowley', '', 'no', 'no', 'no', 'no', 'Auto', '2023-08-04 12:33:13', '2023-08-04 12:33:13', 1, '0', 0, '2023-08-07 01:13:38', '124B1E03-1A1C-41DC-A6C8-39C0A9BBF3DF'),
(1691174077518, 1, 'Allan Avramenko (Gauge can stick)', '', '324034 RRD 192', 'RRD 192 and TWP 324. 1/2N. WSR ', '4033682267', '', 'Rowley', '', 'no', 'no', 'no', 'no', 'Auto', '2023-08-04 12:34:38', '2023-08-04 12:34:38', 1, '0', 0, '2023-08-07 01:13:38', '124B1E03-1A1C-41DC-A6C8-39C0A9BBF3DF'),
(1691174129754, 1, 'Leroy Avramenko', '', '324100 RRD 192', 'RRD 192 and TWP 324. 1N. WSR', '4033862212', '', 'Rowley', '', 'no', 'no', 'no', 'no', 'Auto', '2023-08-04 12:35:30', '2023-08-04 12:35:30', 1, '0', 0, '2023-08-07 01:13:38', '124B1E03-1A1C-41DC-A6C8-39C0A9BBF3DF'),
(1691178461366, 1, 'Cody Harrison', '', '96208 530th Ave W', 'Hwy 22 and 530th Ave W. 3 1/4E. NSR. Tank is on NS of trailer. Only fill when ground is solid. Need to drive through field west of house. Watch out for irrigation ditch.', '4033365255', '', 'Longview', 'Watch out for irrigation ditch.', 'no', 'no', 'no', 'yes', 'Demand', '2023-08-04 13:47:41', '2023-08-04 13:47:41', 1, '0', 0, '2023-08-07 01:13:38', '124B1E03-1A1C-41DC-A6C8-39C0A9BBF3DF'),
(1691178582613, 1, 'Three Forks Cattle Co.', 'Laurie Nelson', '304021 594Ave', 'Longview. 10W. 3N.', '4035582425', '', 'Longview', '', 'no', 'no', 'no', 'no', 'Auto', '2023-08-04 13:49:43', '2023-08-04 13:49:43', 1, '0', 0, '2023-08-07 01:13:38', '124B1E03-1A1C-41DC-A6C8-39C0A9BBF3DF'),
(1691178692006, 1, 'Tim Wyatt', '', '96170 530Ave W', 'Hwy 543 and 80th St W. (RRD15) 2S. 2W. NSR', '4033361653', '', 'Longview', '', 'no', 'no', 'no', 'no', 'Demand', '2023-08-04 13:51:32', '2023-08-04 13:51:32', 1, '0', 0, '2023-08-07 01:13:38', '124B1E03-1A1C-41DC-A6C8-39C0A9BBF3DF'),
(1691178837238, 1, 'Persist Oil and Gas (Byemoor) Hard ground only', 'Cole Thacker', '', '', 'Cole 4038202807', 'Colton Reynolds 4037417586', 'Byemoor', '', 'no', 'no', 'no', 'no', 'Auto', '2023-08-04 13:53:57', '2023-08-04 13:53:57', 1, '0', 0, '2023-08-07 01:13:38', '124B1E03-1A1C-41DC-A6C8-39C0A9BBF3DF'),
(1691179784454, 1, 'Johan Fehr', '', '233010 TWP 150', 'Hwy 23 and TWP 150. 2E. NSR. Take entrance E of blue sign. Tanks on WS of shop', '4036013483', '', 'Champion', '', 'no', 'no', 'no', 'no', 'Demand', '2023-08-04 14:09:44', '2023-08-04 14:09:44', 1, '0', 0, '2023-08-07 01:13:38', '124B1E03-1A1C-41DC-A6C8-39C0A9BBF3DF'),
(1691179885178, 1, 'MIM Management (Little Bow)', 'Mirko', '', 'Hwy 529 and RRD 222. 1 3/4S', '4033606955', '', 'Champion', '', 'no', 'no', 'yes', 'no', 'Auto', '2023-08-04 14:11:25', '2023-08-04 14:11:25', 1, '0', 0, '2023-08-07 01:13:38', '124B1E03-1A1C-41DC-A6C8-39C0A9BBF3DF'),
(1691180215505, 1, 'Leo Kaiser', '', 'Site 57 Little Bow', 'Bear left before gate at Little Bow. Go to end of Private Road and bear left at lot 57. (Blue sign is really faded) Very tight corner. Road climbs a hill and turns back on itself. Would recommend walking in first.', '4034852009', '4033361225', 'Champion', 'Gate 2008', 'no', 'no', 'no', 'no', 'Auto', '2023-08-04 14:16:56', '2023-08-04 14:16:56', 1, '0', 0, '2023-08-07 01:13:38', '124B1E03-1A1C-41DC-A6C8-39C0A9BBF3DF'),
(1691180381397, 1, 'Mike Kulas', '', '', '1 Ave N and 2nd St N. SW corner', '4037950437', '5873703839', 'Champion', '', 'no', 'no', 'no', 'no', 'Auto', '2023-08-04 14:19:41', '2023-08-04 14:19:41', 1, '0', 0, '2023-08-07 01:13:38', '124B1E03-1A1C-41DC-A6C8-39C0A9BBF3DF'),
(1691180513710, 1, 'Ken Volk', '', '', 'Hwy 23 and RRD 235C. E into Carmangay. S on Pacific Ave to Arnold St. E 1 1/2 blocks. Tanks on SSR by old wood building.', '4037953552', '', 'Champion', '…', 'no', 'no', 'no', 'no', 'Demand', '2023-08-06 12:28:56', '2023-08-06 12:28:56', 1, '0', 0, '2023-08-07 01:13:38', 'F6B3A600-DD05-4E0E-B182-34755FB533CC'),
(1691180628672, 1, 'Russell Gottenberg ', '', 'Site 5. Little Bow', 'Bear left before gates. 2nd cottage ESR. White tank SS of house', '4034852113', '', 'Champion', '', 'no', 'no', 'no', 'no', 'Auto', '2023-08-04 14:23:49', '2023-08-04 14:23:49', 1, '0', 0, '2023-08-07 01:13:38', '124B1E03-1A1C-41DC-A6C8-39C0A9BBF3DF'),
(1691180857516, 1, 'Neal Roes', '', '26376 Hwy 862', 'Hwy 570 and Hwy 862. 2S. WSR. House and shop.', '4033216565', '4038223706', 'Homestead Coullee', '', 'no', 'no', 'yes', 'no', 'Auto', '2023-08-04 14:27:38', '2023-08-04 14:27:38', 1, '0', 0, '2023-08-07 01:13:38', '124B1E03-1A1C-41DC-A6C8-39C0A9BBF3DF'),
(1691181791588, 1, 'Peter Wade', '', '1 1st St SE Chancellor', '1st Ave and Centre St. 1/2 block N. ESR. Back in through gate', '4036057134', '', 'Hussar', '', 'no', 'no', 'no', 'no', 'Demand', '2023-08-04 14:43:12', '2023-08-04 14:43:12', 1, '0', 0, '2023-08-07 01:13:38', '124B1E03-1A1C-41DC-A6C8-39C0A9BBF3DF'),
(1691181946135, 1, 'Rob Hazel', '', '241038 RRD 214', 'Hwy 561 and RRD 214. 1/2S. WSR. Tank on SS of middle shop', '4035560688', '4036442371', 'Hussar', '', 'no', 'no', 'no', 'no', 'Demand', '2023-08-04 14:45:46', '2023-08-04 14:45:46', 1, '0', 0, '2023-08-07 01:13:38', '124B1E03-1A1C-41DC-A6C8-39C0A9BBF3DF'),
(1691182080156, 1, 'Twin Creek Colony', '', '', 'Hwy 561 and RRD 213. 3S. Both sides of road.', '4036442283', '4039013711', 'Hussar', '', 'no', 'no', 'no', 'no', 'Demand', '2023-08-04 14:48:00', '2023-08-04 14:48:00', 1, '0', 0, '2023-08-07 01:13:38', '124B1E03-1A1C-41DC-A6C8-39C0A9BBF3DF'),
(1691182233752, 1, 'Travis Greig and Jenn Roberts', '', '270016 RRD 232', 'TWP 270 and RRD 232. 1/8W. N into field', '4038997908', '', 'Rockyford North', '', 'no', 'no', 'no', 'no', 'Demand', '2023-08-04 14:50:34', '2023-08-04 14:50:34', 1, '0', 0, '2023-08-07 01:13:38', '124B1E03-1A1C-41DC-A6C8-39C0A9BBF3DF'),
(1691182369057, 1, 'Springvale Colony', 'Frank', '273036 RRD 232', 'RRD 232 and TWP 272. 1 3/4N. WSR. Bottle fill is on the W side of colony by fuel tanks', '4037957438', '4035332483', 'Rockyford North', '', 'no', 'no', 'no', 'no', 'Demand', '2023-08-04 14:52:49', '2023-08-04 14:52:49', 1, '0', 0, '2023-08-07 01:13:38', '124B1E03-1A1C-41DC-A6C8-39C0A9BBF3DF'),
(1691182503482, 1, 'Quad C Farms', '', 'Different location', 'Different locations', '4034856731', '', 'Lomond', '', 'no', 'no', 'no', 'no', 'Auto', '2023-08-04 14:55:03', '2023-08-04 14:55:03', 1, '0', 0, '2023-08-07 01:13:38', '124B1E03-1A1C-41DC-A6C8-39C0A9BBF3DF'),
(1691182749988, 1, 'Brett and Cathy Prince', 'Brett Prince', '164060 RRD 232', 'Hwy 534 and RRD 232. 1 1/2S. WSR. Back in from road', '4034855182', '4035100103', 'Lomond', '', 'no', 'no', 'no', 'no', 'Auto', '2023-08-04 14:59:10', '2023-08-04 14:59:10', 1, '0', 0, '2023-08-07 01:13:38', '124B1E03-1A1C-41DC-A6C8-39C0A9BBF3DF'),
(1691250814156, 1, 'Butterfly Gulch', 'Joanna McEwan', '235064 TWP 280', 'Hwy 21 and TWP 280. 1/2E. N down long driveway', '', '', '21 North', '', 'no', 'no', 'no', 'no', 'Auto', '2023-08-05 09:53:34', '2023-08-05 09:53:34', 1, '0', 0, '2023-08-07 01:13:38', '124B1E03-1A1C-41DC-A6C8-39C0A9BBF3DF'),
(1691250980422, 1, 'Gary and Kim Geeraert', '', '', '', '', '', '21 North', '', 'no', 'no', 'no', 'no', 'Auto', '2023-08-05 09:56:20', '2023-08-05 09:56:20', 1, '0', 0, '2023-08-07 01:13:38', '124B1E03-1A1C-41DC-A6C8-39C0A9BBF3DF'),
(1691251092407, 1, 'Geeraert Ag', '', 'NW 2-26-24 W4', 'Hwy 21 and Hwy 564', '', '', '21 North', '', 'no', 'no', 'no', 'no', 'Demand', '2023-08-05 09:58:12', '2023-08-05 09:58:12', 1, '0', 0, '2023-08-07 01:13:38', '124B1E03-1A1C-41DC-A6C8-39C0A9BBF3DF'),
(1691252222670, 1, 'John Lupyczuk', '', '', '', '', '', '21 North', '', 'no', 'no', 'no', 'no', 'Auto', '2023-08-05 10:17:03', '2023-08-05 10:17:03', 1, '0', 0, '2023-08-07 01:13:38', '124B1E03-1A1C-41DC-A6C8-39C0A9BBF3DF'),
(1691252262335, 1, 'Stan Lupyczuk ', '', '', '', '', '', '21 North', '', 'no', 'no', 'no', 'no', 'Auto', '2023-08-05 10:17:42', '2023-08-05 10:17:42', 1, '0', 0, '2023-08-07 01:13:38', '124B1E03-1A1C-41DC-A6C8-39C0A9BBF3DF'),
(1691345743733, 1, 'Offline Propane Customer', '', '', '', '', '', 'Offline Propane Area', '', 'yes', 'yes', 'yes', 'yes', 'Demand', '2023-08-06 12:15:44', '2023-08-06 12:15:44', 1, '0', 0, '2023-08-07 01:13:38', '124B1E03-1A1C-41DC-A6C8-39C0A9BBF3DF'),
(1691346315838, 1, 'Customer to test deleting', '', '', '', '', '', 'Offline Propane Area', '', 'no', 'no', 'no', 'no', 'Auto', '2023-08-06 12:25:16', '2023-08-06 12:25:16', 1, '0', 0, '2023-08-07 01:13:38', '124B1E03-1A1C-41DC-A6C8-39C0A9BBF3DF'),
(1691346811114, 1, 'Delete Me', '', '', '', '', '', '21 North', 'edit on Adrian', 'no', 'no', 'no', 'no', 'Auto', '2023-08-06 12:37:55', '2023-08-06 12:37:55', 1, '0', 0, '2023-08-07 01:13:38', 'F6B3A600-DD05-4E0E-B182-34755FB533CC');

-- --------------------------------------------------------

--
-- Table structure for table `fills`
--

CREATE TABLE `fills` (
  `fillId` bigint(20) NOT NULL,
  `userId` int(11) DEFAULT NULL,
  `clientId` text,
  `tankId` text,
  `percentage` decimal(10,2) DEFAULT NULL,
  `volume` decimal(10,2) DEFAULT NULL,
  `isGift` text,
  `price` decimal(10,2) DEFAULT NULL,
  `calendar` date DEFAULT NULL,
  `note` text,
  `createdAt` datetime DEFAULT NULL,
  `updatedAt` datetime DEFAULT NULL ON UPDATE CURRENT_TIMESTAMP,
  `isActive` int(11) DEFAULT '1',
  `deleted` int(11) DEFAULT NULL,
  `lpd` text,
  `dlf` int(11) DEFAULT NULL,
  `p20` text,
  `po` text,
  `isSync` text,
  `syncDate` datetime DEFAULT CURRENT_TIMESTAMP ON UPDATE CURRENT_TIMESTAMP,
  `deviceId` text
) ENGINE=InnoDB DEFAULT CHARSET=latin1;

--
-- Dumping data for table `fills`
--

INSERT INTO `fills` (`fillId`, `userId`, `clientId`, `tankId`, `percentage`, `volume`, `isGift`, `price`, `calendar`, `note`, `createdAt`, `updatedAt`, `isActive`, `deleted`, `lpd`, `dlf`, `p20`, `po`, `isSync`, `syncDate`, `deviceId`) VALUES
(1691067759545, 1, '1691067627223', '1691067737534', '83.00', '2346.00', 'No', '32.00', '2019-06-04', '', '2023-08-03 07:02:40', '2023-08-03 07:02:40', 1, 0, 'N/A', 359, 'N/A', 'N/A', '0', '2023-08-07 01:13:38', 'C2E5C4F2-267B-45BF-9ECB-8696259D45F4'),
(1691067778735, 1, '1691067627223', '1691067737534', '83.00', '2002.00', 'No', '35.00', '2020-05-28', '', '2023-08-03 07:02:59', '2023-08-03 07:02:59', 1, 0, '5.58', 341, '2021-08-23', '2022-01-13', '0', '2023-08-07 01:13:38', 'C2E5C4F2-267B-45BF-9ECB-8696259D45F4'),
(1691067801603, 1, '1691067627223', '1691067737534', '80.00', '1890.00', 'No', '47.00', '2021-05-04', '', '2023-08-03 07:03:22', '2023-08-03 07:03:22', 1, 0, '5.89', 353, '2022-06-15', '2022-10-29', '0', '2023-08-07 01:13:38', 'C2E5C4F2-267B-45BF-9ECB-8696259D45F4'),
(1691067823769, 1, '1691067627223', '1691067737534', '80.00', '1959.57', 'No', '69.00', '2022-04-22', '', '2023-08-03 07:03:44', '2023-08-03 07:03:44', 1, 0, '5.55', 413, '2023-06-28', '2023-11-20', '0', '2023-08-07 01:13:38', 'C2E5C4F2-267B-45BF-9ECB-8696259D45F4'),
(1691067843110, 1, '1691067627223', '1691067737534', '80.00', '2355.30', 'No', '54.00', '2023-06-09', '', '2023-08-03 07:04:03', '2023-08-03 07:04:03', 1, 0, '5.70', 58, '2024-08-03', '2024-12-20', '0', '2023-08-07 01:13:42', 'C2E5C4F2-267B-45BF-9ECB-8696259D45F4'),
(1691068017853, 1, '1691067980410', '1691068000286', '80.00', '1509.50', 'No', '62.00', '2022-10-03', '', '2023-08-03 07:06:58', '2023-08-03 07:06:58', 1, 0, 'N/A', 95, 'N/A', 'N/A', '0', '2023-08-07 01:13:38', 'C2E5C4F2-267B-45BF-9ECB-8696259D45F4'),
(1691068036777, 1, '1691067980410', '1691068000286', '60.00', '0.00', 'No', '61.00', '2023-01-06', '', '2023-08-03 07:07:17', '2023-08-03 07:07:17', 1, 0, '4.21', 211, '2023-07-15', '2023-10-18', '0', '2023-08-07 01:13:42', 'C2E5C4F2-267B-45BF-9ECB-8696259D45F4'),
(1691069692144, 1, '1691068156654', '1691068184099', '80.00', '2897.10', 'No', '49.00', '2021-06-11', '', '2023-08-03 07:34:52', '2023-08-03 07:34:52', 1, 0, 'N/A', 192, 'N/A', 'N/A', '0', '2023-08-07 01:13:38', 'C2E5C4F2-267B-45BF-9ECB-8696259D45F4'),
(1691069714294, 1, '1691068156654', '1691068184099', '85.00', '2009.90', 'No', '63.00', '2021-12-20', '', '2023-08-03 07:35:14', '2023-08-03 07:35:14', 1, 0, '9.43', 81, '2022-09-22', '2022-12-16', '0', '2023-08-07 01:13:38', 'C2E5C4F2-267B-45BF-9ECB-8696259D45F4'),
(1691069733245, 1, '1691068156654', '1691068184099', '80.00', '1134.90', 'No', '75.00', '2022-03-11', '', '2023-08-03 07:35:33', '2023-08-03 07:35:33', 1, 0, '16.48', 206, '2022-08-04', '2022-09-21', '0', '2023-08-07 01:13:38', 'C2E5C4F2-267B-45BF-9ECB-8696259D45F4'),
(1691069752794, 1, '1691068156654', '1691068184099', '82.00', '1183.90', 'No', '62.00', '2022-10-03', '', '2023-08-03 07:35:53', '2023-08-03 07:35:53', 1, 0, '5.36', 95, '2024-01-09', '2024-06-06', '0', '2023-08-07 01:13:38', 'C2E5C4F2-267B-45BF-9ECB-8696259D45F4'),
(1691069772036, 1, '1691068156654', '1691068184099', '85.00', '1814.50', 'No', '61.00', '2023-01-06', '', '2023-08-03 07:36:12', '2023-08-03 07:36:12', 1, 0, '17.84', 8, '2023-06-01', '2023-07-16', '0', '2023-08-07 01:13:38', 'C2E5C4F2-267B-45BF-9ECB-8696259D45F4'),
(1691069833335, 1, '1691068156654', '1691068184099', '98.00', '0.00', 'No', '61.00', '2023-01-14', 'Tank was overfilled. South tank PRV popped. one tank is at 100 and other is at 95. No long lasting damage. We owe him 100L', '2023-08-03 07:37:13', '2023-08-03 07:37:13', 1, 0, '-65.00', 73, '2022-11-27', '2022-11-15', '0', '2023-08-07 01:13:38', 'C2E5C4F2-267B-45BF-9ECB-8696259D45F4'),
(1691069848591, 1, '1691068156654', '1691068184099', '80.00', '887.60', 'No', '59.00', '2023-03-28', '', '2023-08-03 07:37:29', '2023-08-03 07:37:29', 1, 0, '22.02', 131, '2023-07-15', '2023-08-20', '0', '2023-08-07 01:13:38', 'C2E5C4F2-267B-45BF-9ECB-8696259D45F4'),
(1691076991632, 1, '1691068156654', '1691076970348', '80.00', '1150.50', 'No', '49.00', '2021-06-11', '', '2023-08-03 09:36:32', '2023-08-03 09:36:32', 1, 0, 'N/A', 169, 'N/A', 'N/A', '0', '2023-08-07 01:13:38', 'C2E5C4F2-267B-45BF-9ECB-8696259D45F4'),
(1691077009273, 1, '1691068156654', '1691076970348', '45.00', '0.00', 'No', '66.00', '2021-11-27', '', '2023-08-03 09:36:49', '2023-08-03 09:36:49', 1, 0, '4.14', 23, '2022-03-28', '2022-07-02', '0', '2023-08-07 01:13:38', 'C2E5C4F2-267B-45BF-9ECB-8696259D45F4'),
(1691077024779, 1, '1691068156654', '1691076970348', '85.00', '1263.10', 'No', '63.00', '2021-12-20', '', '2023-08-03 09:37:05', '2023-08-03 09:37:05', 1, 0, '20.13', 81, '2022-02-23', '2022-03-14', '0', '2023-08-07 01:13:38', 'C2E5C4F2-267B-45BF-9ECB-8696259D45F4'),
(1691077041728, 1, '1691068156654', '1691076970348', '80.00', '1151.00', 'No', '75.00', '2022-03-11', '', '2023-08-03 09:37:22', '2023-08-03 09:37:22', 1, 0, '15.44', 149, '2022-05-28', '2022-06-23', '0', '2023-08-07 01:13:38', 'C2E5C4F2-267B-45BF-9ECB-8696259D45F4'),
(1691077060902, 1, '1691068156654', '1691076970348', '50.00', '0.00', 'No', '62.00', '2022-08-07', '', '2023-08-03 09:37:41', '2023-08-03 09:37:41', 1, 0, '4.03', 57, '2023-01-03', '2023-04-12', '0', '2023-08-07 01:13:38', 'C2E5C4F2-267B-45BF-9ECB-8696259D45F4'),
(1691077075674, 1, '1691068156654', '1691076970348', '80.00', '740.00', 'No', '62.00', '2022-10-03', '', '2023-08-03 09:37:56', '2023-08-03 09:37:56', 1, 0, '2.46', 95, '2024-02-03', '2024-07-14', '0', '2023-08-07 01:13:38', 'C2E5C4F2-267B-45BF-9ECB-8696259D45F4'),
(1691077092839, 1, '1691068156654', '1691076970348', '85.00', '1419.40', 'No', '61.00', '2023-01-06', '', '2023-08-03 09:38:13', '2023-08-03 09:38:13', 1, 0, '13.89', 81, '2023-04-10', '2023-05-08', '0', '2023-08-07 01:13:38', 'C2E5C4F2-267B-45BF-9ECB-8696259D45F4'),
(1691077109196, 1, '1691068156654', '1691076970348', '80.00', '1049.30', 'No', '59.00', '2023-03-28', '', '2023-08-03 09:38:29', '2023-08-03 09:38:29', 1, 0, '14.19', 131, '2023-06-21', '2023-07-19', '0', '2023-08-07 01:13:38', 'C2E5C4F2-267B-45BF-9ECB-8696259D45F4'),
(1691078859633, 1, '1691078811486', '1691078838331', '82.00', '1665.10', 'no', '61.00', '2022-12-09', 'First Fill', '2023-08-03 10:08:05', '2023-08-03 10:08:05', 1, 0, 'N/A', 73, 'N/A', 'N/A', '0', '2023-08-07 01:13:38', 'C2E5C4F2-267B-45BF-9ECB-8696259D45F4'),
(1691078877290, 1, '1691078811486', '1691078838331', '82.00', '1468.70', 'No', '59.00', '2023-02-20', '', '2023-08-03 10:07:57', '2023-08-03 10:07:57', 1, 0, '20.12', 166, '2023-04-23', '2023-05-13', '0', '2023-08-07 01:13:38', 'C2E5C4F2-267B-45BF-9ECB-8696259D45F4'),
(1691163764686, 1, '1691078980969', '1691163727696', '84.00', '1477.00', 'No', '22.00', '2015-07-02', '', '2023-08-04 09:42:45', '2023-08-04 09:42:45', 1, 0, 'N/A', 384, 'N/A', 'N/A', '0', '2023-08-07 01:13:38', '124B1E03-1A1C-41DC-A6C8-39C0A9BBF3DF'),
(1691163789437, 1, '1691078980969', '1691163727696', '83.00', '2565.30', 'No', '24.00', '2016-07-20', '', '2023-08-04 09:43:09', '2023-08-04 09:43:09', 1, 0, '6.78', 371, '2017-07-27', '2017-11-22', '0', '2023-08-07 01:13:38', '124B1E03-1A1C-41DC-A6C8-39C0A9BBF3DF'),
(1691163821942, 1, '1691078980969', '1691163727696', '82.00', '2641.60', 'No', '34.00', '2017-07-26', 'First fill Keebee tank', '2023-08-04 09:43:42', '2023-08-04 09:43:42', 1, 0, '7.23', 271, '2018-07-04', '2018-10-23', '0', '2023-08-07 01:13:38', '124B1E03-1A1C-41DC-A6C8-39C0A9BBF3DF'),
(1691163843999, 1, '1691078980969', '1691163727696', '45.00', '1325.90', 'No', '40.00', '2018-04-23', '', '2023-08-04 09:44:04', '2023-08-04 09:44:04', 1, 0, '10.35', 162, '2018-07-29', '2018-10-14', '0', '2023-08-07 01:13:38', '124B1E03-1A1C-41DC-A6C8-39C0A9BBF3DF'),
(1691163876194, 1, '1691078980969', '1691163727696', '85.00', '1836.60', 'Yes', '45.00', '2018-10-02', '', '2023-08-04 09:44:36', '2023-08-04 09:44:36', 1, 0, '1.46', 154, '2023-08-18', '2025-02-16', '0', '2023-08-07 01:13:38', '124B1E03-1A1C-41DC-A6C8-39C0A9BBF3DF'),
(1691163906272, 1, '1691078980969', '1691163727696', '65.00', '1228.30', 'No', '46.00', '2019-03-05', '', '2023-08-04 09:45:06', '2023-08-04 09:45:06', 1, 0, '13.17', 140, '2019-07-20', '2019-09-18', '0', '2023-08-07 01:13:38', '124B1E03-1A1C-41DC-A6C8-39C0A9BBF3DF'),
(1691163926995, 1, '1691078980969', '1691163727696', '85.00', '1111.40', 'No', '30.00', '2019-07-23', '', '2023-08-04 09:45:27', '2023-08-04 09:45:27', 1, 0, '2.22', 140, '2022-10-06', '2023-10-02', '0', '2023-08-07 01:13:38', '124B1E03-1A1C-41DC-A6C8-39C0A9BBF3DF'),
(1691163949598, 1, '1691078980969', '1691163727696', '81.00', '1007.30', 'No', '48.00', '2019-12-10', '', '2023-08-04 09:45:50', '2023-08-04 09:45:50', 1, 0, '8.34', 231, '2020-09-28', '2021-01-01', '0', '2023-08-07 01:13:38', '124B1E03-1A1C-41DC-A6C8-39C0A9BBF3DF'),
(1691163976938, 1, '1691078980969', '1691163727696', '62.00', '946.90', 'No', '38.00', '2020-07-28', '', '2023-08-04 09:46:17', '2023-08-04 09:46:17', 1, 0, '7.39', 64, '2021-03-12', '2021-06-29', '0', '2023-08-07 01:13:38', '124B1E03-1A1C-41DC-A6C8-39C0A9BBF3DF'),
(1691164011052, 1, '1691078980969', '1691163727696', '85.00', '1013.28', 'No', '39.00', '2020-09-30', '', '2023-08-04 09:46:51', '2023-08-04 09:46:51', 1, 0, '1.46', 161, '2025-08-16', '2027-02-15', '0', '2023-08-07 01:13:38', '124B1E03-1A1C-41DC-A6C8-39C0A9BBF3DF'),
(1691164037620, 1, '1691078980969', '1691163727696', '65.00', '1058.60', 'No', '58.00', '2021-03-10', '', '2023-08-04 09:47:18', '2023-08-04 09:47:18', 1, 0, '11.54', 70, '2021-08-13', '2021-10-21', '0', '2023-08-07 01:13:38', '124B1E03-1A1C-41DC-A6C8-39C0A9BBF3DF'),
(1691164067366, 1, '1691078980969', '1691163727696', '50.00', '0.00', 'No', '47.00', '2021-05-19', '', '2023-08-04 09:47:47', '2023-08-04 09:47:47', 1, 0, '8.57', 126, '2021-10-06', '2022-01-07', '0', '2023-08-07 01:13:38', '124B1E03-1A1C-41DC-A6C8-39C0A9BBF3DF'),
(1691164094675, 1, '1691078980969', '1691163727696', '85.00', '2426.80', 'No', '62.00', '2022-08-24', '', '2023-08-04 09:48:15', '2023-08-04 09:48:15', 1, 0, '7.22', 345, '2023-08-19', '2023-12-07', '0', '2023-08-07 01:13:38', 'C2E5C4F2-267B-45BF-9ECB-8696259D45F4'),
(1691164117384, 1, '1691078980969', '1691163727696', '85.00', '1243.70', 'No', '68.00', '2021-09-22', '', '2023-08-04 09:48:37', '2023-08-04 09:48:37', 1, 0, '-1.24', 336, '2015-12-26', '2014-03-21', '0', '2023-08-07 01:13:38', '124B1E03-1A1C-41DC-A6C8-39C0A9BBF3DF'),
(1691164410129, 1, '1691164358472', '1691164381517', '85.00', '1605.26', 'No', '51.00', '2017-02-03', '', '2023-08-04 09:53:30', '2023-08-04 09:53:30', 1, 0, 'N/A', 1566, 'N/A', 'N/A', '0', '2023-08-07 01:13:38', '124B1E03-1A1C-41DC-A6C8-39C0A9BBF3DF'),
(1691164426436, 1, '1691164358472', '1691164381517', '28.00', '0.00', 'No', '47.00', '2021-05-19', '', '2023-08-04 09:53:46', '2023-08-04 09:53:46', 1, 0, '0.73', 807, '2021-12-23', '2023-06-25', '0', '2023-08-07 01:13:38', 'C2E5C4F2-267B-45BF-9ECB-8696259D45F4'),
(1691165753848, 1, '1691164618704', '1691164659338', '82.00', '3905.00', 'No', '22.00', '2015-07-02', '', '2023-08-04 10:15:54', '2023-08-04 10:15:54', 1, 0, 'N/A', 384, 'N/A', 'N/A', '0', '2023-08-07 01:13:38', '124B1E03-1A1C-41DC-A6C8-39C0A9BBF3DF'),
(1691165778991, 1, '1691164618704', '1691164659338', '82.00', '1905.40', 'No', '24.00', '2016-07-20', '', '2023-08-04 10:16:19', '2023-08-04 10:16:19', 1, 0, '4.96', 462, '2018-03-12', '2018-09-22', '0', '2023-08-07 01:13:38', '124B1E03-1A1C-41DC-A6C8-39C0A9BBF3DF'),
(1691165802950, 1, '1691164618704', '1691164659338', '80.00', '3850.50', 'No', '46.00', '2017-10-25', '', '2023-08-04 10:16:43', '2023-08-04 10:16:43', 1, 0, '8.54', 342, '2018-09-27', '2019-01-18', '0', '2023-08-07 01:13:38', '124B1E03-1A1C-41DC-A6C8-39C0A9BBF3DF'),
(1691165822499, 1, '1691164618704', '1691164659338', '82.00', '3296.00', 'No', '45.00', '2018-10-02', '', '2023-08-04 10:17:02', '2023-08-04 10:17:02', 1, 0, '9.36', 350, '2019-08-16', '2019-11-27', '0', '2023-08-07 01:13:38', '124B1E03-1A1C-41DC-A6C8-39C0A9BBF3DF'),
(1691165849342, 1, '1691164618704', '1691164659338', '85.00', '3360.70', 'No', '31.00', '2019-09-17', '', '2023-08-04 10:17:29', '2023-08-04 10:17:29', 1, 0, '9.19', 384, '2020-08-21', '2020-12-04', '0', '2023-08-07 01:13:38', '124B1E03-1A1C-41DC-A6C8-39C0A9BBF3DF'),
(1691165872933, 1, '1691164618704', '1691164659338', '85.00', '3442.70', 'No', '39.00', '2020-10-05', '', '2023-08-04 10:17:53', '2023-08-04 10:17:53', 1, 0, '8.97', 352, '2021-09-18', '2022-01-03', '0', '2023-08-07 01:13:38', '124B1E03-1A1C-41DC-A6C8-39C0A9BBF3DF'),
(1691165894200, 1, '1691164618704', '1691164659338', '80.00', '2576.80', 'No', '68.00', '2021-09-22', '', '2023-08-04 10:18:14', '2023-08-04 10:18:14', 1, 0, '8.00', 336, '2022-09-17', '2023-01-15', '0', '2023-08-07 01:13:38', '124B1E03-1A1C-41DC-A6C8-39C0A9BBF3DF'),
(1691165914967, 1, '1691164618704', '1691164659338', '80.00', '3356.70', 'No', '62.00', '2022-08-24', '', '2023-08-04 10:18:35', '2023-08-04 10:18:35', 1, 0, '9.99', 345, '2023-06-08', '2023-09-12', '0', '2023-08-07 01:13:38', '124B1E03-1A1C-41DC-A6C8-39C0A9BBF3DF'),
(1691178264718, 1, '1691174077518', '1691174140686', '83.00', '1415.00', 'No', '22.00', '2015-06-10', '', '2023-08-04 13:44:25', '2023-08-04 13:44:25', 1, 0, 'N/A', 126, 'N/A', 'N/A', '0', '2023-08-07 01:13:38', '1DC487BD-EC93-4AE8-9D48-38F917B4CE8F'),
(1691178323780, 1, '1691174077518', '1691174140686', '85.00', '650.00', 'No', '24.00', '2015-10-14', '', '2023-08-04 13:45:24', '2023-08-04 13:45:24', 1, 0, '4.52', 50, '2017-05-11', '2017-11-04', '0', '2023-08-07 01:13:38', '1DC487BD-EC93-4AE8-9D48-38F917B4CE8F'),
(1691178405060, 1, '1691174077518', '1691174140686', '85.00', '857.40', 'No', '25.00', '2015-12-03', '', '2023-08-04 13:46:45', '2023-08-04 13:46:45', 1, 0, '17.15', 182, '2016-05-03', '2016-06-18', '0', '2023-08-07 01:13:38', '1DC487BD-EC93-4AE8-9D48-38F917B4CE8F'),
(1691178482880, 1, '1691174077518', '1691174140686', '83.00', '1366.10', 'No', '26.00', '2016-06-02', '', '2023-08-04 13:48:03', '2023-08-04 13:48:03', 1, 0, '7.95', 172, '2017-04-15', '2017-07-25', '0', '2023-08-07 01:13:38', '1DC487BD-EC93-4AE8-9D48-38F917B4CE8F'),
(1691178540884, 1, '1691174077518', '1691174140686', '85.00', '1321.50', 'No', '33.00', '2016-11-21', '', '2023-08-04 13:49:01', '2023-08-04 13:49:01', 1, 0, '7.22', 58, '2017-11-16', '2018-03-07', '0', '2023-08-07 01:13:38', '1DC487BD-EC93-4AE8-9D48-38F917B4CE8F'),
(1691178597216, 1, '1691174077518', '1691174140686', '83.00', '1366.10', 'No', '47.00', '2018-01-18', '', '2023-08-04 13:49:57', '2023-08-04 13:49:57', 1, 1, '46.65', 2024, '2018-03-13', '2018-03-30', '0', '2023-08-05 01:30:16', '1DC487BD-EC93-4AE8-9D48-38F917B4CE8F'),
(1691178668226, 1, '1691174077518', '1691174140686', '83.00', '1366.10', 'no', '47.00', '2017-01-18', '', '2023-08-04 13:59:53', '2023-08-04 13:59:53', 1, 0, '24.93', 274, '2017-04-29', '2017-05-31', '0', '2023-08-07 01:13:38', '1DC487BD-EC93-4AE8-9D48-38F917B4CE8F'),
(1691178709175, 1, '1691174077518', '1691174140686', '85.00', '807.00', 'No', '48.00', '2017-10-19', '', '2023-08-04 13:51:49', '2023-08-04 13:51:49', 1, 0, '2.65', 60, '2020-06-26', '2021-04-24', '0', '2023-08-07 01:13:38', '1DC487BD-EC93-4AE8-9D48-38F917B4CE8F'),
(1691178748782, 1, '1691174077518', '1691174140686', '85.00', '1238.80', 'No', '5.00', '2017-12-18', '', '2023-08-04 13:52:29', '2023-08-04 13:52:29', 1, 0, '20.65', 127, '2018-04-23', '2018-06-01', '0', '2023-08-07 01:13:38', '1DC487BD-EC93-4AE8-9D48-38F917B4CE8F'),
(1691178803786, 1, '1691174077518', '1691174140686', '30.00', '800.47', 'No', '4.00', '2019-04-24', '', '2023-08-04 13:53:24', '2023-08-04 13:53:24', 1, 1, '6.34', 1563, '2019-06-26', '2019-10-30', '0', '2023-08-05 01:23:58', '1DC487BD-EC93-4AE8-9D48-38F917B4CE8F'),
(1691178905166, 1, '1691174077518', '1691174140686', '85.00', '2527.40', 'No', '43.00', '2019-08-16', '', '2023-08-04 13:55:05', '2023-08-04 13:55:05', 1, 1, '4.26', 89, '2021-04-17', '2021-10-22', '0', '2023-08-05 01:26:56', '1DC487BD-EC93-4AE8-9D48-38F917B4CE8F'),
(1691178933660, 1, '1691174077518', '1691174140686', '85.00', '1102.60', 'No', '45.00', '2019-11-13', '', '2023-08-04 13:55:34', '2023-08-04 13:55:34', 1, 1, '1.54', 43, '2024-06-27', '2025-11-29', '0', '2023-08-05 01:26:59', '1DC487BD-EC93-4AE8-9D48-38F917B4CE8F'),
(1691178974718, 1, '1691174077518', '1691174140686', '85.00', '969.70', 'No', '45.00', '2019-12-26', '', '2023-08-04 13:56:15', '2023-08-04 13:56:15', 1, 1, '1.26', 1317, '2025-08-19', '2027-05-16', '0', '2023-08-05 01:27:06', '1DC487BD-EC93-4AE8-9D48-38F917B4CE8F'),
(1691179350003, 1, '1691174077518', '1691174140686', '30.00', '800.47', 'No', '4.00', '2018-04-24', '', '2023-08-04 14:02:30', '2023-08-04 14:02:30', 1, 0, '23.63', 114, '2018-05-11', '2018-06-14', '0', '2023-08-07 01:13:38', '1DC487BD-EC93-4AE8-9D48-38F917B4CE8F'),
(1691179390253, 1, '1691174077518', '1691174140686', '85.00', '2527.40', 'No', '43.00', '2018-08-16', '', '2023-08-04 14:03:10', '2023-08-04 14:03:10', 1, 0, '2.87', 89, '2021-02-07', '2021-11-13', '0', '2023-08-07 01:13:38', '1DC487BD-EC93-4AE8-9D48-38F917B4CE8F'),
(1691179460761, 1, '1691174077518', '1691174140686', '85.00', '1102.60', 'No', '45.00', '2018-11-13', '', '2023-08-04 14:04:21', '2023-08-04 14:04:21', 1, 0, '12.39', 43, '2019-06-11', '2019-08-14', '0', '2023-08-07 01:13:38', '1DC487BD-EC93-4AE8-9D48-38F917B4CE8F'),
(1691179514705, 1, '1691174077518', '1691174140686', '85.00', '969.70', 'No', '45.00', '2018-12-26', '', '2023-08-04 14:05:15', '2023-08-04 14:05:15', 1, 0, '22.55', 48, '2019-04-20', '2019-05-26', '0', '2023-08-07 01:13:38', '1DC487BD-EC93-4AE8-9D48-38F917B4CE8F'),
(1691179578647, 1, '1691174077518', '1691174140686', '80.00', '1049.50', 'No', '45.00', '2019-02-12', '', '2023-08-04 14:06:19', '2023-08-04 14:06:19', 1, 0, '26.03', 139, '2019-05-15', '2019-06-15', '0', '2023-08-07 01:13:38', '1DC487BD-EC93-4AE8-9D48-38F917B4CE8F'),
(1691179688589, 1, '1691174077518', '1691174140686', '83.00', '1809.76', 'No', '3.00', '2019-07-01', '', '2023-08-04 14:08:09', '2023-08-04 14:08:09', 1, 0, '12.16', 127, '2020-01-24', '2020-03-30', '0', '2023-08-07 01:13:38', '1DC487BD-EC93-4AE8-9D48-38F917B4CE8F'),
(1691179730596, 1, '1691174077518', '1691174140686', '85.00', '1322.30', 'No', '39.00', '2019-11-05', '', '2023-08-04 14:08:51', '2023-08-04 14:08:51', 1, 0, '9.78', 63, '2020-07-28', '2020-10-18', '0', '2023-08-07 01:13:38', '1DC487BD-EC93-4AE8-9D48-38F917B4CE8F'),
(1691179778656, 1, '1691174077518', '1691174140686', '85.00', '1431.70', 'No', '49.00', '2020-01-07', '', '2023-08-04 14:09:39', '2023-08-04 14:09:39', 1, 0, '22.73', 48, '2020-04-30', '2020-06-05', '0', '2023-08-07 01:13:38', '1DC487BD-EC93-4AE8-9D48-38F917B4CE8F'),
(1691179814987, 1, '1691174077518', '1691174140686', '83.00', '1003.50', 'No', '39.00', '2020-02-24', '', '2023-08-04 14:10:15', '2023-08-04 14:10:15', 1, 0, '22.57', 133, '2020-06-15', '2020-07-20', '0', '2023-08-07 01:13:38', '1DC487BD-EC93-4AE8-9D48-38F917B4CE8F'),
(1691179857028, 1, '1691174077518', '1691174140686', '80.00', '1158.60', 'No', '38.00', '2020-07-06', '', '2023-08-04 14:10:57', '2023-08-04 14:10:57', 1, 0, '9.61', 118, '2021-03-13', '2021-06-04', '0', '2023-08-07 01:13:38', '1DC487BD-EC93-4AE8-9D48-38F917B4CE8F'),
(1691179932414, 1, '1691174077518', '1691174140686', '85.00', '884.30', 'No', '43.00', '2020-11-01', '', '2023-08-04 14:12:12', '2023-08-04 14:12:12', 1, 0, '5.80', 65, '2022-01-23', '2022-06-10', '0', '2023-08-07 01:13:38', '1DC487BD-EC93-4AE8-9D48-38F917B4CE8F'),
(1691180012220, 1, '1691174077518', '1691174140686', '83.00', '1280.10', 'No', '45.00', '2021-01-05', '', '2023-08-04 14:13:32', '2023-08-04 14:13:32', 1, 0, '20.92', 55, '2021-05-05', '2021-06-13', '0', '2023-08-07 01:13:38', '1DC487BD-EC93-4AE8-9D48-38F917B4CE8F'),
(1691180059320, 1, '1691174077518', '1691174140686', '78.00', '1103.90', 'No', '61.00', '2021-03-01', '', '2023-08-04 14:14:19', '2023-08-04 14:14:19', 1, 0, '23.71', 156, '2021-06-07', '2021-07-11', '0', '2023-08-07 01:13:38', '1DC487BD-EC93-4AE8-9D48-38F917B4CE8F'),
(1691180168967, 1, '1691174077518', '1691174140686', '85.00', '1541.30', 'No', '59.00', '2021-08-04', '', '2023-08-04 14:16:09', '2023-08-04 14:16:09', 1, 0, '8.09', 89, '2022-06-21', '2022-09-28', '0', '2023-08-07 01:13:38', '1DC487BD-EC93-4AE8-9D48-38F917B4CE8F'),
(1691180221187, 1, '1691174077518', '1691174140686', '90.00', '902.60', 'No', '73.00', '2021-11-01', '', '2023-08-04 14:17:01', '2023-08-04 14:17:01', 1, 0, '7.89', 63, '2022-10-22', '2023-01-31', '0', '2023-08-07 01:13:38', '1DC487BD-EC93-4AE8-9D48-38F917B4CE8F'),
(1691180296149, 1, '1691174077518', '1691174140686', '65.00', '381.60', 'No', '66.00', '2022-01-03', '', '2023-08-04 14:18:16', '2023-08-04 14:18:16', 1, 0, '21.93', 59, '2022-03-26', '2022-05-02', '0', '2023-08-07 01:13:38', '1DC487BD-EC93-4AE8-9D48-38F917B4CE8F'),
(1691180432635, 1, '1691174077518', '1691174140686', '80.00', '2391.10', 'No', '75.00', '2022-03-03', '', '2023-08-04 14:20:33', '2023-08-04 14:20:33', 1, 0, '30.36', 102, '2022-05-21', '2022-06-16', '0', '2023-08-07 01:13:38', '1DC487BD-EC93-4AE8-9D48-38F917B4CE8F'),
(1691180488598, 1, '1691174077518', '1691174140686', '83.00', '1419.90', 'No', '67.00', '2022-06-13', '', '2023-08-04 14:21:29', '2023-08-04 14:21:29', 1, 0, '12.74', 234, '2022-12-28', '2023-03-01', '0', '2023-08-07 01:13:38', '1DC487BD-EC93-4AE8-9D48-38F917B4CE8F'),
(1691180564778, 1, '1691174077518', '1691174140686', '80.00', '3178.19', 'No', '64.00', '2023-02-02', '', '2023-08-04 14:22:45', '2023-08-04 14:22:45', 1, 0, '14.09', 40, '2023-07-22', '2023-09-17', '0', '2023-08-07 01:13:38', '1DC487BD-EC93-4AE8-9D48-38F917B4CE8F'),
(1691180620683, 1, '1691174077518', '1691174140686', '80.00', '1092.00', 'No', '59.00', '2023-03-14', '', '2023-08-04 14:23:41', '2023-08-04 14:23:41', 1, 0, '27.30', 76, '2023-06-10', '2023-07-09', '0', '2023-08-07 01:13:38', '1DC487BD-EC93-4AE8-9D48-38F917B4CE8F'),
(1691180699821, 1, '1691174077518', '1691174140686', '89.00', '579.80', 'No', '54.00', '2023-05-29', '', '2023-08-04 14:25:00', '2023-08-04 14:25:00', 1, 0, '2.89', 69, '2026-01-07', '2026-10-12', '0', '2023-08-07 01:13:38', '1DC487BD-EC93-4AE8-9D48-38F917B4CE8F'),
(1691180900096, 1, '1691173993311', '1691174004076', '85.00', '2115.30', 'No', '67.00', '2022-06-13', '', '2023-08-04 14:28:20', '2023-08-04 14:28:20', 1, 0, 'N/A', 147, 'N/A', 'N/A', '0', '2023-08-07 01:13:38', '1DC487BD-EC93-4AE8-9D48-38F917B4CE8F'),
(1691181011298, 1, '1691173993311', '1691174004076', '85.00', '2494.20', 'No', '6.00', '2022-11-07', '', '2023-08-04 14:30:11', '2023-08-04 14:30:11', 1, 0, '16.97', 67, '2023-04-09', '2023-05-26', '0', '2023-08-07 01:13:38', '1DC487BD-EC93-4AE8-9D48-38F917B4CE8F'),
(1691181092704, 1, '1691173993311', '1691174004076', '85.00', '3104.20', 'No', '61.00', '2023-01-13', '', '2023-08-04 14:31:33', '2023-08-04 14:31:33', 1, 0, '46.33', 60, '2023-03-10', '2023-03-27', '0', '2023-08-07 01:13:38', '1DC487BD-EC93-4AE8-9D48-38F917B4CE8F'),
(1691181155045, 1, '1691173993311', '1691174004076', '84.00', '1625.30', 'No', '59.00', '2023-03-14', '', '2023-08-04 14:32:35', '2023-08-04 14:32:35', 1, 0, '27.75', 76, '2023-06-14', '2023-07-13', '0', '2023-08-07 01:13:38', '1DC487BD-EC93-4AE8-9D48-38F917B4CE8F'),
(1691181198771, 1, '1691173993311', '1691174004076', '80.00', '1248.90', 'No', '54.00', '2023-05-29', '', '2023-08-04 14:33:19', '2023-08-04 14:33:19', 1, 0, '18.54', 69, '2032-03-26', '2024-01-24', '0', '2023-08-07 01:13:38', '1DC487BD-EC93-4AE8-9D48-38F917B4CE8F'),
(1691181383148, 1, '1691174129754', '1691174152631', '85.00', '1744.20', 'No', '67.00', '2022-06-13', '', '2023-08-04 14:36:23', '2023-08-04 14:36:23', 1, 0, 'N/A', 147, 'N/A', 'N/A', '0', '2023-08-07 01:13:38', '1DC487BD-EC93-4AE8-9D48-38F917B4CE8F'),
(1691181463896, 1, '1691174129754', '1691174152631', '85.00', '1310.50', 'No', '6.00', '2022-11-07', '', '2023-08-04 14:37:44', '2023-08-04 14:37:44', 1, 0, '8.91', 67, '2023-08-26', '2023-11-24', '0', '2023-08-07 01:13:38', '1DC487BD-EC93-4AE8-9D48-38F917B4CE8F'),
(1691181508413, 1, '1691174129754', '1691174152631', '85.00', '2517.10', 'No', '61.00', '2023-01-13', '', '2023-08-04 14:38:28', '2023-08-04 14:38:28', 1, 0, '37.57', 60, '2023-03-23', '2023-04-13', '0', '2023-08-07 01:13:38', '1DC487BD-EC93-4AE8-9D48-38F917B4CE8F'),
(1691181548831, 1, '1691174129754', '1691174152631', '80.00', '1999.80', 'No', '59.00', '2023-03-14', '', '2023-08-04 14:39:09', '2023-08-04 14:39:09', 1, 0, '36.66', 76, '2023-05-18', '2023-06-09', '0', '2023-08-07 01:13:38', '1DC487BD-EC93-4AE8-9D48-38F917B4CE8F'),
(1691181574123, 1, '1691174129754', '1691174152631', '80.00', '909.10', 'No', '54.00', '2023-05-29', '', '2023-08-04 14:39:34', '2023-08-04 14:39:34', 1, 0, '11.96', 69, '2032-03-02', '2024-04-28', '0', '2023-08-07 01:13:38', '1DC487BD-EC93-4AE8-9D48-38F917B4CE8F'),
(1691181798468, 1, '1691178837238', '1691179202546', '89.00', '3144.13', 'No', '0.00', '2021-04-29', 'transferred gas from superior tank', '2023-08-04 14:43:18', '2023-08-04 14:43:18', 1, 0, 'N/A', 146, 'N/A', 'N/A', '0', '2023-08-07 01:13:38', '124B1E03-1A1C-41DC-A6C8-39C0A9BBF3DF'),
(1691181862836, 1, '1691178837238', '1691179202546', '80.00', '989.80', 'No', '67.00', '2021-09-22', '', '2023-08-04 14:44:23', '2023-08-04 14:44:23', 1, 0, '9.25', 681, '2022-06-08', '2022-09-03', '0', '2023-08-07 01:13:38', '1DC487BD-EC93-4AE8-9D48-38F917B4CE8F'),
(1691181997204, 1, '1691178837238', '1691178945181', '80.00', '1218.40', 'No', '62.00', '2021-08-10', '', '2023-08-04 14:46:37', '2023-08-04 14:46:37', 1, 0, 'N/A', 724, 'N/A', 'N/A', '0', '2023-08-07 01:13:38', '1DC487BD-EC93-4AE8-9D48-38F917B4CE8F'),
(1691182077352, 1, '1691178837238', '1691179348911', '90.00', '3234.20', 'No', '69.00', '2023-02-06', '', '2023-08-04 14:47:57', '2023-08-04 14:47:57', 1, 0, 'N/A', 44, 'N/A', 'N/A', '0', '2023-08-07 01:13:38', '1DC487BD-EC93-4AE8-9D48-38F917B4CE8F'),
(1691182134816, 1, '1691178837238', '1691179348911', '85.00', '2740.10', 'No', '64.00', '2023-03-22', '', '2023-08-04 14:48:55', '2023-08-04 14:48:55', 1, 0, '66.82', 42, '2023-04-30', '2023-05-12', '0', '2023-08-07 01:13:38', '1DC487BD-EC93-4AE8-9D48-38F917B4CE8F'),
(1691182200916, 1, '1691178837238', '1691179348911', '85.00', '2681.10', 'No', '61.00', '2023-05-03', '', '2023-08-04 14:50:01', '2023-08-04 14:50:01', 1, 0, '63.84', 36, '2023-06-13', '2023-06-25', '0', '2023-08-07 01:13:38', '1DC487BD-EC93-4AE8-9D48-38F917B4CE8F'),
(1691182265184, 1, '1691178837238', '1691179348911', '85.00', '2360.80', 'No', '6.00', '2023-06-08', '', '2023-08-04 14:51:05', '2023-08-04 14:51:05', 1, 0, '65.58', 39, '2023-07-18', '2023-07-30', '0', '2023-08-07 01:13:38', '1DC487BD-EC93-4AE8-9D48-38F917B4CE8F'),
(1691182297147, 1, '1691178837238', '1691179348911', '93.00', '3013.66', 'No', '56.00', '2023-07-17', '', '2023-08-04 14:51:37', '2023-08-04 14:51:37', 1, 0, '69.07', 20, '2033-09-28', '2023-09-27', '0', '2023-08-07 01:13:38', '1DC487BD-EC93-4AE8-9D48-38F917B4CE8F'),
(1691182388224, 1, '1691178837238', '1691179112528', '85.00', '3166.60', 'No', '78.00', '2021-10-27', '', '2023-08-04 14:53:08', '2023-08-04 14:53:08', 1, 0, 'N/A', 330, 'N/A', 'N/A', '0', '2023-08-07 01:13:38', '1DC487BD-EC93-4AE8-9D48-38F917B4CE8F'),
(1691182424413, 1, '1691178837238', '1691179112528', '85.00', '1837.20', 'No', '67.00', '2022-09-22', '', '2023-08-04 14:53:44', '2023-08-04 14:53:44', 1, 0, '5.57', 318, '2024-01-01', '2024-05-24', '0', '2023-08-07 01:13:38', '1DC487BD-EC93-4AE8-9D48-38F917B4CE8F'),
(1691182528896, 1, '1691178837238', '1691179607518', '85.00', '2494.50', 'No', '78.00', '2021-10-27', '', '2023-08-04 14:55:29', '2023-08-04 14:55:29', 1, 0, 'N/A', 40, 'N/A', 'N/A', '0', '2023-08-07 01:13:38', '1DC487BD-EC93-4AE8-9D48-38F917B4CE8F'),
(1691182569311, 1, '1691178837238', '1691179607518', '87.00', '2709.44', 'No', '68.00', '2021-12-06', '', '2023-08-04 14:56:09', '2023-08-04 14:56:09', 1, 0, '65.74', 290, '2022-01-16', '2022-01-28', '0', '2023-08-07 01:13:38', '1DC487BD-EC93-4AE8-9D48-38F917B4CE8F'),
(1691182623433, 1, '1691178837238', '1691179607518', '83.00', '3058.60', 'No', '67.00', '2022-09-22', '', '2023-08-04 14:57:03', '2023-08-04 14:57:03', 1, 0, '11.10', 46, '2023-05-07', '2023-07-18', '0', '2023-08-07 01:13:38', '1DC487BD-EC93-4AE8-9D48-38F917B4CE8F'),
(1691182677779, 1, '1691178837238', '1691179607518', '85.00', '2113.90', 'No', '67.00', '2022-11-07', '', '2023-08-04 14:57:58', '2023-08-04 14:57:58', 1, 0, '44.22', 42, '2023-01-05', '2023-01-23', '0', '2023-08-07 01:13:38', '1DC487BD-EC93-4AE8-9D48-38F917B4CE8F'),
(1691182713227, 1, '1691178837238', '1691179607518', '85.00', '2064.20', 'No', '66.00', '2022-12-19', '', '2023-08-04 14:58:33', '2023-08-04 14:58:33', 1, 0, '49.15', 229, '2032-11-08', '2023-10-12', '0', '2023-08-07 01:13:38', '1DC487BD-EC93-4AE8-9D48-38F917B4CE8F'),
(1691182863151, 1, '1691178837238', '1691179428158', '85.00', '3339.20', 'No', '78.00', '2021-10-27', '', '2023-08-04 15:01:03', '2023-08-04 15:01:03', 1, 0, 'N/A', 40, 'N/A', 'N/A', '0', '2023-08-07 01:13:38', '1DC487BD-EC93-4AE8-9D48-38F917B4CE8F'),
(1691182880502, 1, '1691179784454', '1691179801313', '75.00', '2803.90', 'No', '51.00', '2023-06-19', '', '2023-08-04 15:01:21', '2023-08-04 15:01:21', 1, 0, 'N/A', 48, 'N/A', 'N/A', '0', '2023-08-07 01:13:38', '124B1E03-1A1C-41DC-A6C8-39C0A9BBF3DF'),
(1691182895906, 1, '1691178837238', '1691179428158', '60.00', '0.00', 'No', '68.00', '2021-12-06', '', '2023-08-04 15:01:36', '2023-08-04 15:01:36', 1, 0, '25.00', 42, '2022-02-08', '2022-03-12', '0', '2023-08-07 01:13:38', '1DC487BD-EC93-4AE8-9D48-38F917B4CE8F'),
(1691182940923, 1, '1691178837238', '1691179428158', '80.00', '1864.40', 'No', '72.00', '2022-01-17', '', '2023-08-04 15:02:21', '2023-08-04 15:02:21', 1, 0, '25.34', 248, '2022-04-22', '2022-05-23', '0', '2023-08-07 01:13:38', '1DC487BD-EC93-4AE8-9D48-38F917B4CE8F'),
(1691182956583, 1, '1691179885178', '1691179945356', '80.00', '1349.97', 'No', '67.00', '2022-05-19', 'Pumped out and reconditioned tank. 1175.06L. Topped up', '2023-08-04 15:02:37', '2023-08-04 15:02:37', 1, 0, 'N/A', 146, 'N/A', 'N/A', '0', '2023-08-07 01:13:38', '124B1E03-1A1C-41DC-A6C8-39C0A9BBF3DF'),
(1691182977100, 1, '1691179885178', '1691179945356', '90.00', '2224.00', 'No', '62.00', '2022-10-12', '', '2023-08-04 15:02:57', '2023-08-04 15:02:57', 1, 0, '12.49', 216, '2023-05-24', '2023-07-27', '0', '2023-08-07 01:13:38', '124B1E03-1A1C-41DC-A6C8-39C0A9BBF3DF'),
(1691182994655, 1, '1691179885178', '1691179945356', '80.00', '758.00', 'No', '54.00', '2023-05-16', '', '2023-08-04 15:03:15', '2023-08-04 15:03:15', 1, 0, '5.36', 82, '2024-08-06', '2025-01-01', '0', '2023-08-07 01:13:38', '124B1E03-1A1C-41DC-A6C8-39C0A9BBF3DF'),
(1691182996012, 1, '1691178837238', '1691179428158', '25.00', '432.60', 'No', '67.00', '2022-09-22', '', '2023-08-04 15:03:16', '2023-08-04 15:03:16', 1, 0, '10.62', 19, '2022-10-11', '2022-12-25', '0', '2023-08-07 01:13:38', '1DC487BD-EC93-4AE8-9D48-38F917B4CE8F'),
(1691183051429, 1, '1691179885178', '1691179959411', '80.00', '2522.37', 'No', '67.00', '2022-05-19', 'Pumped out 664.89L. Reconditioned and topped up', '2023-08-04 15:04:11', '2023-08-04 15:04:11', 1, 0, 'N/A', 362, 'N/A', 'N/A', '0', '2023-08-07 01:13:38', '124B1E03-1A1C-41DC-A6C8-39C0A9BBF3DF'),
(1691183055668, 1, '1691178837238', '1691179428158', '90.00', '2486.40', 'No', '67.00', '2022-10-11', '', '2023-08-04 15:04:16', '2023-08-04 15:04:16', 1, 0, '-5.98', 299, '2033-10-24', '2021-12-10', '0', '2023-08-07 01:13:38', '1DC487BD-EC93-4AE8-9D48-38F917B4CE8F'),
(1691183074639, 1, '1691179885178', '1691179959411', '80.00', '2319.50', 'No', '54.00', '2023-05-16', '', '2023-08-04 15:04:35', '2023-08-04 15:04:35', 1, 0, '6.41', 82, '2024-05-24', '2024-09-26', '0', '2023-08-07 01:13:38', '124B1E03-1A1C-41DC-A6C8-39C0A9BBF3DF'),
(1691183113846, 1, '1691179885178', '1691179984763', '10.00', '0.00', 'no', '67.00', '2022-05-19', 'Reconditioned tank', '2023-08-04 15:05:51', '2023-08-04 15:05:51', 1, 0, 'N/A', 7, 'N/A', 'N/A', '0', '2023-08-07 01:13:38', '124B1E03-1A1C-41DC-A6C8-39C0A9BBF3DF'),
(1691183129536, 1, '1691179885178', '1691179984763', '85.00', '3108.50', 'no', '67.00', '2022-05-26', '', '2023-08-04 15:06:02', '2023-08-04 15:06:02', 1, 0, '15.50', 355, '2022-11-10', '2022-12-31', '0', '2023-08-07 01:13:38', '124B1E03-1A1C-41DC-A6C8-39C0A9BBF3DF'),
(1691183140474, 1, '1691178837238', '1691179645926', '82.00', '3097.90', 'No', '0.00', '2021-10-27', 'transferred from canwest tank', '2023-08-04 15:05:40', '2023-08-04 15:05:40', 1, 0, 'N/A', 330, 'N/A', 'N/A', '0', '2023-08-07 01:13:38', '1DC487BD-EC93-4AE8-9D48-38F917B4CE8F'),
(1691183194019, 1, '1691179885178', '1691179984763', '80.00', '2790.00', 'No', '54.00', '2023-05-16', '', '2023-08-04 15:06:34', '2023-08-04 15:06:34', 1, 0, '8.42', 82, '2032-02-03', '2024-08-18', '0', '2023-08-07 01:13:38', '124B1E03-1A1C-41DC-A6C8-39C0A9BBF3DF'),
(1691183195130, 1, '1691178837238', '1691179645926', '80.00', '0.00', 'No', '67.00', '2022-09-22', '', '2023-08-04 15:06:35', '2023-08-04 15:06:35', 1, 0, '0.24', 318, '2050-02-06', '2059-03-25', '0', '2023-08-07 01:13:38', '1DC487BD-EC93-4AE8-9D48-38F917B4CE8F'),
(1691183234777, 1, '1691179885178', '1691180001004', '80.00', '1646.14', 'No', '0.00', '2022-05-19', '', '2023-08-04 15:07:15', '2023-08-04 15:07:15', 1, 0, 'N/A', 146, 'N/A', 'N/A', '0', '2023-08-07 01:13:38', '124B1E03-1A1C-41DC-A6C8-39C0A9BBF3DF'),
(1691183254052, 1, '1691179885178', '1691180001004', '90.00', '1269.80', 'No', '62.00', '2022-10-12', '', '2023-08-04 15:07:34', '2023-08-04 15:07:34', 1, 0, '5.96', 216, '2024-01-25', '2024-06-07', '0', '2023-08-07 01:13:38', '124B1E03-1A1C-41DC-A6C8-39C0A9BBF3DF'),
(1691183255589, 1, '1691178837238', '1691179241603', '80.00', '2926.70', 'No', '78.00', '2021-10-27', '', '2023-08-04 15:07:36', '2023-08-04 15:07:36', 1, 0, 'N/A', 330, 'N/A', 'N/A', '0', '2023-08-07 01:13:38', '1DC487BD-EC93-4AE8-9D48-38F917B4CE8F'),
(1691183274418, 1, '1691179885178', '1691180001004', '80.00', '1358.80', 'No', '54.00', '2023-05-16', '', '2023-08-04 15:07:54', '2023-08-04 15:07:54', 1, 0, '8.14', 82, '2024-03-05', '2024-06-12', '0', '2023-08-07 01:13:38', '124B1E03-1A1C-41DC-A6C8-39C0A9BBF3DF'),
(1691183294888, 1, '1691178837238', '1691179241603', '85.00', '3310.00', 'No', '67.00', '2022-09-22', '', '2023-08-04 15:08:15', '2023-08-04 15:08:15', 1, 0, '9.42', 318, '2032-08-31', '2024-07-30', '0', '2023-08-07 01:13:38', '1DC487BD-EC93-4AE8-9D48-38F917B4CE8F'),
(1691183308791, 1, '1691179885178', '1691180017127', '80.00', '1110.36', 'No', '67.00', '2022-05-19', '', '2023-08-04 15:08:29', '2023-08-04 15:08:29', 1, 0, 'N/A', 362, 'N/A', 'N/A', '0', '2023-08-07 01:13:38', '124B1E03-1A1C-41DC-A6C8-39C0A9BBF3DF'),
(1691183327781, 1, '1691179885178', '1691180017127', '80.00', '1563.10', 'No', '54.00', '2023-05-16', '', '2023-08-04 15:08:48', '2023-08-04 15:08:48', 1, 0, '4.32', 82, '2024-11-21', '2025-05-26', '0', '2023-08-07 01:13:38', '124B1E03-1A1C-41DC-A6C8-39C0A9BBF3DF'),
(1691183354233, 1, '1691179885178', '1691180044354', '80.00', '3195.10', 'No', '67.00', '2022-05-26', '', '2023-08-04 15:09:14', '2023-08-04 15:09:14', 1, 0, 'N/A', 355, 'N/A', 'N/A', '0', '2023-08-07 01:13:38', '124B1E03-1A1C-41DC-A6C8-39C0A9BBF3DF'),
(1691183372841, 1, '1691179885178', '1691180044354', '80.00', '3346.50', 'No', '54.00', '2023-05-16', '', '2023-08-04 15:09:33', '2023-08-04 15:09:33', 1, 0, '9.43', 82, '2024-01-25', '2024-04-19', '0', '2023-08-07 01:13:38', '124B1E03-1A1C-41DC-A6C8-39C0A9BBF3DF'),
(1691183377253, 1, '1691178837238', '1691179288379', '85.00', '3338.20', 'No', '78.00', '2021-10-27', '', '2023-08-04 15:09:37', '2023-08-04 15:09:37', 1, 0, 'N/A', 99, 'N/A', 'N/A', '0', '2023-08-07 01:13:38', '1DC487BD-EC93-4AE8-9D48-38F917B4CE8F'),
(1691183458559, 1, '1691179885178', '1691180030024', '80.00', '2145.42', 'No', '0.00', '2022-05-19', '', '2023-08-04 15:10:59', '2023-08-04 15:10:59', 1, 0, 'N/A', 362, 'N/A', 'N/A', '0', '2023-08-07 01:13:38', '124B1E03-1A1C-41DC-A6C8-39C0A9BBF3DF'),
(1691183471856, 1, '1691178837238', '1691179288379', '0.00', '-3208.39', 'No', '0.00', '2022-02-03', 'pumped out into 6-29-34-18', '2023-08-04 15:11:12', '2023-08-04 15:11:12', 1, 0, '1.94', 548, '2020-12-18', '2022-02-03', '0', '2023-08-07 01:13:38', '1DC487BD-EC93-4AE8-9D48-38F917B4CE8F'),
(1691183474922, 1, '1691179885178', '1691180030024', '80.00', '0.00', 'No', '54.00', '2023-05-16', '', '2023-08-04 15:11:15', '2023-08-04 15:11:15', 1, 0, '0.00', 82, '0', '0', '0', '2023-08-07 01:13:38', '124B1E03-1A1C-41DC-A6C8-39C0A9BBF3DF'),
(1691183531827, 1, '1691180513710', '1691180548443', '50.00', '0.00', 'No', '67.00', '2022-07-11', '', '2023-08-04 15:12:12', '2023-08-04 15:12:12', 1, 0, 'N/A', 108, 'N/A', 'N/A', '0', '2023-08-07 01:13:38', '124B1E03-1A1C-41DC-A6C8-39C0A9BBF3DF'),
(1691183550243, 1, '1691180513710', '1691180548443', '85.00', '1139.40', 'No', '60.00', '2022-10-27', '', '2023-08-04 15:12:30', '2023-08-04 15:12:30', 1, 0, '-2.41', 282, '2019-11-13', '2018-12-16', '0', '2023-08-07 01:13:38', '124B1E03-1A1C-41DC-A6C8-39C0A9BBF3DF'),
(1691183564342, 1, '1691178837238', '1691178986362', '83.00', '3209.08', 'No', '0.00', '2022-02-03', 'gas came from 3-32-34-18', '2023-08-04 15:12:44', '2023-08-04 15:12:44', 1, 0, 'N/A', 231, 'N/A', 'N/A', '0', '2023-08-07 01:13:38', '1DC487BD-EC93-4AE8-9D48-38F917B4CE8F'),
(1691183602807, 1, '1691178837238', '1691178986362', '85.00', '2336.10', 'No', '67.00', '2022-09-22', '', '2023-08-04 15:13:23', '2023-08-04 15:13:23', 1, 0, '9.77', 223, '2023-06-15', '2023-09-05', '0', '2023-08-07 01:13:38', '1DC487BD-EC93-4AE8-9D48-38F917B4CE8F'),
(1691183602863, 1, '1691180215505', '1691180234282', '70.00', '0.00', 'No', '67.00', '2022-07-11', '', '2023-08-04 15:13:23', '2023-08-04 15:13:23', 1, 0, 'N/A', 309, 'N/A', 'N/A', '0', '2023-08-07 01:13:38', '124B1E03-1A1C-41DC-A6C8-39C0A9BBF3DF'),
(1691183621069, 1, '1691180215505', '1691180234282', '80.00', '523.40', 'No', '54.00', '2023-05-16', '', '2023-08-04 15:13:41', '2023-08-04 15:13:41', 1, 0, '0.98', 82, '2027-03-07', '2028-07-04', '0', '2023-08-07 01:13:38', '124B1E03-1A1C-41DC-A6C8-39C0A9BBF3DF'),
(1691183638812, 1, '1691178837238', '1691178986362', '85.00', '1246.00', 'No', '61.00', '2023-05-03', '', '2023-08-04 15:13:59', '2023-08-04 15:13:59', 1, 0, '5.59', 95, '2024-08-10', '2024-12-30', '0', '2023-08-07 01:13:38', '1DC487BD-EC93-4AE8-9D48-38F917B4CE8F'),
(1691183654449, 1, '1691180381397', '1691180405485', '85.00', '2177.20', 'No', '67.00', '2022-07-11', '', '2023-08-04 15:14:14', '2023-08-04 15:14:14', 1, 0, 'N/A', 144, 'N/A', 'N/A', '0', '2023-08-07 01:13:38', '124B1E03-1A1C-41DC-A6C8-39C0A9BBF3DF'),
(1691183672439, 1, '1691180381397', '1691180405485', '85.00', '1294.20', 'No', '61.00', '2022-12-02', '', '2023-08-04 15:14:32', '2023-08-04 15:14:32', 1, 0, '8.99', 199, '2023-09-17', '2023-12-15', '0', '2023-08-07 01:13:38', '124B1E03-1A1C-41DC-A6C8-39C0A9BBF3DF'),
(1691183701000, 1, '1691180381397', '1691180405485', '65.00', '1046.20', 'No', '51.00', '2023-06-19', 'Ran out of product', '2023-08-04 15:15:01', '2023-08-04 15:15:01', 1, 0, '9.28', 48, '2023-12-29', '2024-03-25', '0', '2023-08-07 01:13:38', '124B1E03-1A1C-41DC-A6C8-39C0A9BBF3DF'),
(1691183715343, 1, '1691178837238', '1691179537890', '82.00', '3143.90', 'No', '66.00', '2022-12-19', '', '2023-08-04 15:15:15', '2023-08-04 15:15:15', 1, 0, 'N/A', 49, 'N/A', 'N/A', '0', '2023-08-07 01:13:38', '1DC487BD-EC93-4AE8-9D48-38F917B4CE8F'),
(1691183745934, 1, '1691180628672', '1691180647108', '80.00', '216.90', 'No', '79.00', '2021-07-19', '', '2023-08-04 15:15:46', '2023-08-04 15:15:46', 1, 0, 'N/A', 357, 'N/A', 'N/A', '0', '2023-08-07 01:13:38', '124B1E03-1A1C-41DC-A6C8-39C0A9BBF3DF'),
(1691183752165, 1, '1691178837238', '1691179537890', '90.00', '3224.80', 'No', '69.00', '2023-02-06', '', '2023-08-04 15:15:52', '2023-08-04 15:15:52', 1, 0, '59.28', 44, '2023-03-25', '2023-04-08', '0', '2023-08-07 01:13:38', '1DC487BD-EC93-4AE8-9D48-38F917B4CE8F'),
(1691183767926, 1, '1691180628672', '1691180647108', '80.00', '309.30', 'No', '87.00', '2022-07-11', '', '2023-08-04 15:16:08', '2023-08-04 15:16:08', 1, 0, '0.87', 309, '2023-06-21', '2023-10-14', '0', '2023-08-07 01:13:38', '124B1E03-1A1C-41DC-A6C8-39C0A9BBF3DF'),
(1691183778200, 1, '1691178837238', '1691179537890', '85.00', '2552.50', 'No', '64.00', '2023-03-22', '', '2023-08-04 15:16:18', '2023-08-04 15:16:18', 1, 0, '62.56', 137, '2023-05-03', '2023-05-15', '0', '2023-08-07 01:13:38', '1DC487BD-EC93-4AE8-9D48-38F917B4CE8F'),
(1691183785665, 1, '1691180628672', '1691180647108', '80.00', '0.00', 'No', '54.00', '2023-05-16', '', '2023-08-04 15:16:26', '2023-08-04 15:16:26', 1, 0, '0.00', 82, '0', '0', '0', '2023-08-07 01:13:38', '124B1E03-1A1C-41DC-A6C8-39C0A9BBF3DF'),
(1691183907420, 1, '1691180857516', '1691181325819', '88.00', '5072.80', 'No', '54.00', '2023-05-23', '', '2023-08-04 15:18:27', '2023-08-04 15:18:27', 1, 0, 'N/A', 22, 'N/A', 'N/A', '0', '2023-08-07 01:13:38', '124B1E03-1A1C-41DC-A6C8-39C0A9BBF3DF'),
(1691183927493, 1, '1691180857516', '1691181325819', '90.00', '6494.70', 'No', '54.00', '2023-06-14', '', '2023-08-04 15:18:47', '2023-08-04 15:18:47', 1, 0, '286.12', 33, '2023-07-08', '2023-07-15', '0', '2023-08-07 01:13:38', '124B1E03-1A1C-41DC-A6C8-39C0A9BBF3DF'),
(1691183945800, 1, '1691180857516', '1691181325819', '85.00', '5307.20', 'No', '51.00', '2023-07-17', '', '2023-08-04 15:19:06', '2023-08-04 15:19:06', 1, 0, '175.98', 20, '2023-08-23', '2023-09-03', '0', '2023-08-07 01:13:38', '124B1E03-1A1C-41DC-A6C8-39C0A9BBF3DF'),
(1691183951234, 1, '1691182233752', '1691182252847', '80.00', '2865.99', 'No', '54.00', '2023-06-07', '', '2023-08-04 15:19:11', '2023-08-04 15:19:11', 1, 0, 'N/A', 51, 'N/A', 'N/A', '0', '2023-08-07 01:13:38', '1DC487BD-EC93-4AE8-9D48-38F917B4CE8F'),
(1691183978380, 1, '1691180857516', '1691180914709', '80.00', '2176.00', 'No', '67.00', '2022-05-23', '', '2023-08-04 15:19:38', '2023-08-04 15:19:38', 1, 0, 'N/A', 170, 'N/A', 'N/A', '0', '2023-08-07 01:13:38', '124B1E03-1A1C-41DC-A6C8-39C0A9BBF3DF'),
(1691183987830, 1, '1691182233752', '1691182252847', '85.00', '3108.40', 'No', '51.00', '2023-07-28', '', '2023-08-04 15:19:48', '2023-08-04 15:19:48', 1, 0, '57.03', 9, '2032-11-10', '2023-10-03', '0', '2023-08-07 01:13:38', '1DC487BD-EC93-4AE8-9D48-38F917B4CE8F'),
(1691184030375, 1, '1691180857516', '1691180914709', '80.00', '2366.70', 'No', '60.00', '2022-11-09', '', '2023-08-04 15:20:30', '2023-08-04 15:20:30', 1, 0, '13.92', 75, '2023-04-30', '2023-06-27', '0', '2023-08-07 01:13:38', '124B1E03-1A1C-41DC-A6C8-39C0A9BBF3DF'),
(1691184083887, 1, '1691180857516', '1691180914709', '85.00', '2267.60', 'No', '64.00', '2023-01-23', '', '2023-08-04 15:21:24', '2023-08-04 15:21:24', 1, 0, '27.57', 194, '2023-04-27', '2023-05-26', '0', '2023-08-07 01:13:38', '124B1E03-1A1C-41DC-A6C8-39C0A9BBF3DF'),
(1691184117894, 1, '1691182369057', '1691182391145', '85.00', '1485.70', 'No', '57.00', '2021-08-24', '', '2023-08-04 15:21:58', '2023-08-04 15:21:58', 1, 0, 'N/A', 176, 'N/A', 'N/A', '0', '2023-08-07 01:13:38', '1DC487BD-EC93-4AE8-9D48-38F917B4CE8F'),
(1691184165996, 1, '1691182369057', '1691182391145', '87.00', '957.09', 'No', '70.00', '2022-02-16', '', '2023-08-04 15:22:46', '2023-08-04 15:22:46', 1, 0, '5.21', 274, '2022-10-31', '2023-01-16', '0', '2023-08-07 01:13:38', '1DC487BD-EC93-4AE8-9D48-38F917B4CE8F'),
(1691184172187, 1, '1691180857516', '1691180936452', '85.00', '3126.00', 'No', '60.00', '2022-11-09', '', '2023-08-04 15:22:52', '2023-08-04 15:22:52', 1, 0, 'N/A', 75, 'N/A', 'N/A', '0', '2023-08-07 01:13:38', '124B1E03-1A1C-41DC-A6C8-39C0A9BBF3DF'),
(1691184198555, 1, '1691180857516', '1691180936452', '85.00', '1812.50', 'No', '64.00', '2023-01-23', '', '2023-08-04 15:23:19', '2023-08-04 15:23:19', 1, 0, '24.17', 120, '2023-05-24', '2023-06-30', '0', '2023-08-07 01:13:38', '124B1E03-1A1C-41DC-A6C8-39C0A9BBF3DF'),
(1691184208313, 1, '1691182369057', '1691182391145', '85.00', '1839.50', 'No', '61.00', '2022-11-17', '', '2023-08-04 15:23:28', '2023-08-04 15:23:28', 1, 0, '6.86', 261, '2023-05-26', '2023-07-23', '0', '2023-08-07 01:13:38', '1DC487BD-EC93-4AE8-9D48-38F917B4CE8F'),
(1691184215304, 1, '1691180857516', '1691180936452', '83.00', '1132.40', 'No', '54.00', '2023-05-23', '', '2023-08-04 15:23:35', '2023-08-04 15:23:35', 1, 0, '10.19', 75, '2024-02-24', '2024-05-24', '0', '2023-08-07 01:13:38', '124B1E03-1A1C-41DC-A6C8-39C0A9BBF3DF'),
(1691184253327, 1, '1691180857516', '1691181064446', '88.00', '6806.40', 'No', '54.00', '2023-05-23', '', '2023-08-04 15:24:13', '2023-08-04 15:24:13', 1, 0, 'N/A', 22, 'N/A', 'N/A', '0', '2023-08-07 01:13:38', '124B1E03-1A1C-41DC-A6C8-39C0A9BBF3DF'),
(1691184269424, 1, '1691180857516', '1691181064446', '90.00', '6229.00', 'No', '54.00', '2023-06-14', '', '2023-08-04 15:24:29', '2023-08-04 15:24:29', 1, 0, '275.86', 33, '2023-07-04', '2023-07-10', '0', '2023-08-07 01:13:38', '124B1E03-1A1C-41DC-A6C8-39C0A9BBF3DF'),
(1691184280332, 1, '1691178692006', '1691178709991', '83.00', '1767.40', 'No', '34.00', '2020-05-07', '', '2023-08-04 15:24:40', '2023-08-04 15:24:40', 1, 0, 'N/A', 327, 'N/A', 'N/A', '0', '2023-08-07 01:13:38', '124B1E03-1A1C-41DC-A6C8-39C0A9BBF3DF'),
(1691184286197, 1, '1691180857516', '1691181064446', '90.00', '6768.90', 'No', '51.00', '2023-07-17', '', '2023-08-04 15:24:46', '2023-08-04 15:24:46', 1, 0, '205.12', 20, '2023-08-13', '2023-08-21', '0', '2023-08-07 01:13:38', '124B1E03-1A1C-41DC-A6C8-39C0A9BBF3DF'),
(1691184311819, 1, '1691178692006', '1691178709991', '85.00', '1893.71', 'No', '52.00', '2021-03-30', '', '2023-08-04 15:25:12', '2023-08-04 15:25:12', 1, 0, '5.55', 471, '2022-07-11', '2022-12-03', '0', '2023-08-07 01:13:38', '124B1E03-1A1C-41DC-A6C8-39C0A9BBF3DF'),
(1691184319418, 1, '1691180857516', '1691181547751', '80.00', '2894.60', 'No', '66.00', '2022-01-17', '', '2023-08-04 15:25:19', '2023-08-04 15:25:19', 1, 0, 'N/A', 296, 'N/A', 'N/A', '0', '2023-08-07 01:13:38', '124B1E03-1A1C-41DC-A6C8-39C0A9BBF3DF'),
(1691184339351, 1, '1691180857516', '1691181547751', '85.00', '3367.20', 'No', '60.00', '2022-11-09', '', '2023-08-04 15:25:39', '2023-08-04 15:25:39', 1, 0, '10.62', 75, '2023-08-11', '2023-11-04', '0', '2023-08-07 01:13:38', '124B1E03-1A1C-41DC-A6C8-39C0A9BBF3DF'),
(1691184344190, 1, '1691178692006', '1691178709991', '85.00', '2107.10', 'No', '65.00', '2022-07-14', '', '2023-08-04 15:25:44', '2023-08-04 15:25:44', 1, 0, '4.47', 387, '2024-02-16', '2024-08-13', '0', '2023-08-07 01:13:38', '124B1E03-1A1C-41DC-A6C8-39C0A9BBF3DF'),
(1691184360467, 1, '1691180857516', '1691181547751', '85.00', '2122.30', 'No', '64.00', '2023-01-23', '', '2023-08-04 15:26:00', '2023-08-04 15:26:00', 1, 0, '28.30', 194, '2023-05-06', '2023-06-07', '0', '2023-08-07 01:13:38', '124B1E03-1A1C-41DC-A6C8-39C0A9BBF3DF'),
(1691184384901, 1, '1691180857516', '1691181389970', '80.00', '1287.40', 'No', '67.00', '2022-05-23', '', '2023-08-04 15:26:25', '2023-08-04 15:26:25', 1, 0, 'N/A', 439, 'N/A', 'N/A', '0', '2023-08-07 01:13:38', '124B1E03-1A1C-41DC-A6C8-39C0A9BBF3DF'),
(1691184424379, 1, '1691178582613', '1691178604333', '80.00', '1901.00', 'No', '73.00', '2021-10-12', '', '2023-08-04 15:27:04', '2023-08-04 15:27:04', 1, 0, '4.99', 366, '2023-02-05', '2023-07-15', '0', '2023-08-07 01:13:38', '1DC487BD-EC93-4AE8-9D48-38F917B4CE8F'),
(1691184438255, 1, '1691180857516', '1691181441199', '85.00', '3666.20', 'No', '60.00', '2022-11-09', '', '2023-08-04 15:27:18', '2023-08-04 15:27:18', 1, 0, 'N/A', 75, 'N/A', 'N/A', '0', '2023-08-07 01:13:38', '124B1E03-1A1C-41DC-A6C8-39C0A9BBF3DF'),
(1691184454111, 1, '1691180857516', '1691181441199', '80.00', '2751.00', 'No', '64.00', '2023-01-23', '', '2023-08-04 15:27:34', '2023-08-04 15:27:34', 1, 0, '39.35', 120, '2023-03-25', '2023-04-14', '0', '2023-08-07 01:13:38', '124B1E03-1A1C-41DC-A6C8-39C0A9BBF3DF'),
(1691184475432, 1, '1691180857516', '1691181441199', '84.00', '1430.70', 'No', '54.00', '2023-05-23', '', '2023-08-04 15:27:55', '2023-08-04 15:27:55', 1, 0, '10.59', 75, '2024-01-19', '2024-04-04', '0', '2023-08-07 01:13:38', '124B1E03-1A1C-41DC-A6C8-39C0A9BBF3DF'),
(1691184522869, 1, '1691178582613', '1691178604333', '85.00', '1942.40', 'No', '38.00', '2020-08-17', '', '2023-08-04 15:28:43', '2023-08-04 15:28:43', 1, 0, 'N/A', 421, 'N/A', 'N/A', '0', '2023-08-07 01:13:38', '1DC487BD-EC93-4AE8-9D48-38F917B4CE8F'),
(1691184537784, 1, '1691181791588', '1691181811159', '86.00', '3202.70', 'No', '43.00', '2018-09-12', '', '2023-08-04 15:28:58', '2023-08-04 15:28:58', 1, 0, 'N/A', 983, 'N/A', 'N/A', '0', '2023-08-07 01:13:38', '124B1E03-1A1C-41DC-A6C8-39C0A9BBF3DF'),
(1691184551804, 1, '1691178582613', '1691178604333', '85.00', '1994.10', 'No', '67.00', '2022-10-13', '', '2023-08-04 15:29:12', '2023-08-04 15:29:12', 1, 0, '4.90', 297, '2024-03-27', '2024-09-06', '0', '2023-08-07 01:13:38', '1DC487BD-EC93-4AE8-9D48-38F917B4CE8F'),
(1691184560117, 1, '1691181791588', '1691181811159', '45.00', '0.00', 'No', '47.00', '2021-05-22', '', '2023-08-04 15:29:20', '2023-08-04 15:29:20', 1, 0, '1.67', 804, '2023-01-11', '2024-05-04', '0', '2023-08-07 01:13:38', '124B1E03-1A1C-41DC-A6C8-39C0A9BBF3DF'),
(1691184620731, 1, '1691181946135', '1691181982445', '80.00', '1712.00', 'No', '62.00', '2022-08-29', '', '2023-08-04 15:30:21', '2023-08-04 15:30:21', 1, 0, 'N/A', 149, 'N/A', 'N/A', '0', '2023-08-07 01:13:38', '124B1E03-1A1C-41DC-A6C8-39C0A9BBF3DF'),
(1691184637746, 1, '1691181946135', '1691181982445', '80.00', '2606.60', 'No', '64.00', '2023-01-25', '', '2023-08-04 15:30:38', '2023-08-04 15:30:38', 1, 0, '17.49', 150, '2023-06-28', '2023-08-19', '0', '2023-08-07 01:13:38', '124B1E03-1A1C-41DC-A6C8-39C0A9BBF3DF'),
(1691184658478, 1, '1691181946135', '1691181982445', '70.00', '1035.43', 'No', '51.00', '2023-06-24', '', '2023-08-04 15:30:58', '2023-08-04 15:30:58', 1, 0, '9.90', 43, '2024-02-05', '2024-05-07', '0', '2023-08-07 01:13:38', '124B1E03-1A1C-41DC-A6C8-39C0A9BBF3DF'),
(1691184661122, 1, '1691178461366', '1691178479526', '85.00', '3362.64', 'No', '52.00', '2021-03-30', '', '2023-08-04 15:31:01', '2023-08-04 15:31:01', 1, 0, 'N/A', 471, 'N/A', 'N/A', '0', '2023-08-07 01:13:38', '1DC487BD-EC93-4AE8-9D48-38F917B4CE8F');
INSERT INTO `fills` (`fillId`, `userId`, `clientId`, `tankId`, `percentage`, `volume`, `isGift`, `price`, `calendar`, `note`, `createdAt`, `updatedAt`, `isActive`, `deleted`, `lpd`, `dlf`, `p20`, `po`, `isSync`, `syncDate`, `deviceId`) VALUES
(1691184695817, 1, '1691182080156', '1691182120110', '85.00', '2523.50', 'No', '51.00', '2017-11-10', '', '2023-08-04 15:31:36', '2023-08-04 15:31:36', 1, 0, '2.84', 770, '2020-05-13', '2021-02-19', '0', '2023-08-07 01:13:38', '124B1E03-1A1C-41DC-A6C8-39C0A9BBF3DF'),
(1691184725870, 1, '1691182080156', '1691182120110', '42.00', '952.80', 'No', '50.00', '2017-01-31', '', '2023-08-04 15:32:06', '2023-08-04 15:32:06', 1, 0, 'N/A', 283, 'N/A', 'N/A', '0', '2023-08-07 01:13:38', '124B1E03-1A1C-41DC-A6C8-39C0A9BBF3DF'),
(1691184725974, 1, '1691178461366', '1691178479526', '50.00', '1179.90', 'No', '65.00', '2022-07-14', '', '2023-08-04 15:32:06', '2023-08-04 15:32:06', 1, 0, '5.48', 91, '2023-02-18', '2023-07-14', '0', '2023-08-07 01:13:38', '1DC487BD-EC93-4AE8-9D48-38F917B4CE8F'),
(1691184756674, 1, '1691182080156', '1691182120110', '50.00', '1862.37', 'No', '48.00', '2019-12-20', '', '2023-08-04 15:32:37', '2023-08-04 15:32:37', 1, 0, '4.24', 1079, '2020-09-28', '2021-04-05', '0', '2023-08-07 01:13:38', '124B1E03-1A1C-41DC-A6C8-39C0A9BBF3DF'),
(1691184779323, 1, '1691182080156', '1691182120110', '84.00', '3213.82', 'No', '65.00', '2022-12-03', '', '2023-08-04 15:32:59', '2023-08-04 15:32:59', 1, 0, '1.72', 245, '2026-12-30', '2028-04-08', '0', '2023-08-07 01:13:38', '124B1E03-1A1C-41DC-A6C8-39C0A9BBF3DF'),
(1691184786430, 1, '1691178461366', '1691178479526', '90.00', '1723.90', 'No', '62.00', '2022-10-13', '', '2023-08-04 15:33:06', '2023-08-04 15:33:06', 1, 0, '1.36', 297, '2028-06-02', '2030-01-10', '0', '2023-08-07 01:13:38', '1DC487BD-EC93-4AE8-9D48-38F917B4CE8F'),
(1691184894464, 1, '1691182503482', '1691182562609', '80.00', '1866.70', 'No', '61.00', '2022-12-02', '', '2023-08-04 15:34:54', '2023-08-04 15:34:54', 1, 0, 'N/A', 74, 'N/A', 'N/A', '0', '2023-08-07 01:13:38', '1DC487BD-EC93-4AE8-9D48-38F917B4CE8F'),
(1691184931061, 1, '1691182503482', '1691182562609', '80.00', '1860.40', 'No', '59.00', '2023-02-14', '', '2023-08-04 15:35:31', '2023-08-04 15:35:31', 1, 0, '25.14', 91, '2023-04-03', '2023-04-19', '0', '2023-08-07 01:13:38', '1DC487BD-EC93-4AE8-9D48-38F917B4CE8F'),
(1691184958383, 1, '1691182503482', '1691182562609', '80.00', '1026.70', 'No', '54.00', '2023-05-16', '', '2023-08-04 15:35:58', '2023-08-04 15:35:58', 1, 0, '11.28', 82, '2027-11-16', '2023-12-24', '0', '2023-08-07 01:13:38', '1DC487BD-EC93-4AE8-9D48-38F917B4CE8F'),
(1691185046999, 1, '1691182503482', '1691182629678', '80.00', '1866.70', 'No', '61.00', '2022-12-02', '', '2023-08-04 15:37:27', '2023-08-04 15:37:27', 1, 0, 'N/A', 74, 'N/A', 'N/A', '0', '2023-08-07 01:13:38', '1DC487BD-EC93-4AE8-9D48-38F917B4CE8F'),
(1691185093676, 1, '1691182503482', '1691182629678', '80.00', '1860.40', 'No', '59.00', '2023-02-14', '', '2023-08-04 15:38:14', '2023-08-04 15:38:14', 1, 0, '25.14', 91, '2023-05-20', '2023-06-21', '0', '2023-08-07 01:13:38', '1DC487BD-EC93-4AE8-9D48-38F917B4CE8F'),
(1691185123002, 1, '1691182503482', '1691182629678', '80.00', '1026.70', 'No', '54.00', '2023-05-16', '', '2023-08-04 15:38:43', '2023-08-04 15:38:43', 1, 0, '11.28', 82, '2023-12-14', '2024-02-23', '0', '2023-08-07 01:13:38', '1DC487BD-EC93-4AE8-9D48-38F917B4CE8F'),
(1691185193790, 1, '1691182749988', '1691182783214', '85.00', '889.70', 'No', '61.00', '2022-12-02', '', '2023-08-04 15:39:54', '2023-08-04 15:39:54', 1, 0, 'N/A', 74, 'N/A', 'N/A', '0', '2023-08-07 01:13:38', '124B1E03-1A1C-41DC-A6C8-39C0A9BBF3DF'),
(1691185244860, 1, '1691182749988', '1691182783214', '80.00', '503.00', 'No', '59.00', '2023-02-14', '', '2023-08-04 15:40:45', '2023-08-04 15:40:45', 1, 0, '8.15', 91, '2023-07-11', '2023-08-29', '0', '2023-08-07 01:13:38', '124B1E03-1A1C-41DC-A6C8-39C0A9BBF3DF'),
(1691185294320, 1, '1691182749988', '1691182783214', '80.00', '512.80', 'No', '54.00', '2023-05-16', '', '2023-08-04 15:41:34', '2023-08-04 15:41:34', 1, 0, '5.64', 82, '2023-12-14', '2024-02-23', '0', '2023-08-07 01:13:38', '124B1E03-1A1C-41DC-A6C8-39C0A9BBF3DF'),
(1691185731223, 1, '1691182749988', '1691182783214', '80.00', '1000.00', 'No', '55.00', '2023-08-04', 'Test', '2023-08-04 15:48:51', '2023-08-04 15:48:51', 1, 1, '12.50', 0, '2023-11-07', '2023-12-09', '0', '2023-08-05 03:24:12', '124B1E03-1A1C-41DC-A6C8-39C0A9BBF3DF'),
(1691186910805, 1, '1691164358472', '1691164381517', '80.00', '500.00', 'No', '55.00', '2023-08-04', '', '2023-08-04 16:08:31', '2023-08-04 16:08:31', 1, 0, '-0.67', 2, '2018-09-08', '2017-01-18', '0', '2023-08-07 01:13:38', '124B1E03-1A1C-41DC-A6C8-39C0A9BBF3DF'),
(1691186933530, 1, '1691181791588', '1691181811159', '80.00', '500.00', 'No', '54.00', '2023-08-04', '', '2023-08-04 16:08:54', '2023-08-04 16:08:54', 1, 0, '-1.12', 2, '2017-09-21', '2015-10-08', '0', '2023-08-07 01:13:38', '124B1E03-1A1C-41DC-A6C8-39C0A9BBF3DF'),
(1691186952046, 1, '1691178837238', '1691178945181', '80.00', '0.00', 'No', '55.00', '2023-08-04', '', '2023-08-04 16:09:12', '2023-08-04 16:09:12', 1, 0, '0.00', 2, '0', '0', '0', '2023-08-07 01:13:38', '124B1E03-1A1C-41DC-A6C8-39C0A9BBF3DF'),
(1691186970627, 1, '1691178837238', '1691179202546', '80.00', '1000.00', 'No', '55.00', '2023-08-04', '', '2023-08-04 16:09:31', '2023-08-04 16:09:31', 1, 0, '1.47', 2, '2028-01-22', '2029-07-20', '0', '2023-08-07 01:13:38', '124B1E03-1A1C-41DC-A6C8-39C0A9BBF3DF'),
(1691246414898, 1, '1691178692006', '1691178709991', '80.00', '2100.00', 'No', '54.00', '2023-08-05', '', '2023-08-05 08:40:15', '2023-08-05 08:40:15', 1, 0, '5.94', 1, '2024-09-12', '2025-01-24', '0', '2023-08-07 01:13:38', '124B1E03-1A1C-41DC-A6C8-39C0A9BBF3DF'),
(1691246432654, 1, '1691180857516', '1691181389970', '80.00', '689.32', 'No', '54.00', '2023-08-05', '', '2023-08-05 08:40:33', '2023-08-05 08:40:33', 1, 0, '1.57', 1, '2025-09-07', '2026-05-20', '0', '2023-08-07 01:13:38', '124B1E03-1A1C-41DC-A6C8-39C0A9BBF3DF'),
(1691246453149, 1, '1691078980969', '1691163727696', '80.00', '2235.80', 'Yes', '54.00', '2023-08-05', '', '2023-08-05 08:40:53', '2023-08-05 08:40:53', 1, 0, '7.04', 1, '2024-07-11', '2024-11-02', '0', '2023-08-07 01:13:38', '124B1E03-1A1C-41DC-A6C8-39C0A9BBF3DF'),
(1691246483731, 1, '1691180513710', '1691180548443', '80.00', '1122.00', 'No', '54.00', '2023-08-05', '', '2023-08-05 08:41:24', '2023-08-05 08:41:24', 1, 0, '4.69', 1, '2024-12-28', '2025-06-17', '0', '2023-08-07 01:13:38', '124B1E03-1A1C-41DC-A6C8-39C0A9BBF3DF'),
(1691246509300, 1, '1691164618704', '1691164659338', '80.00', '3217.98', 'No', '54.00', '2023-08-05', '', '2023-08-05 08:41:49', '2023-08-05 08:41:49', 1, 0, '9.30', 1, '2024-06-10', '2024-09-21', '0', '2023-08-07 01:13:38', '124B1E03-1A1C-41DC-A6C8-39C0A9BBF3DF'),
(1691250861053, 1, '1691250814156', '1691250834810', '85.00', '1207.80', 'No', '57.00', '2021-08-11', '', '2023-08-05 09:54:21', '2023-08-05 09:54:21', 1, 0, 'N/A', 113, 'N/A', 'N/A', '0', '2023-08-07 01:13:38', '124B1E03-1A1C-41DC-A6C8-39C0A9BBF3DF'),
(1691250878343, 1, '1691250814156', '1691250834810', '85.00', '1141.60', 'No', '66.00', '2021-12-02', '', '2023-08-05 09:54:38', '2023-08-05 09:54:38', 1, 0, '10.10', 76, '2022-04-10', '2022-05-19', '0', '2023-08-07 01:13:38', '124B1E03-1A1C-41DC-A6C8-39C0A9BBF3DF'),
(1691250901969, 1, '1691250814156', '1691250834810', '80.00', '1297.80', 'No', '70.00', '2022-02-16', '', '2023-08-05 09:55:02', '2023-08-05 09:55:02', 1, 0, '18.39', 167, '2022-04-22', '2022-05-14', '0', '2023-08-07 01:13:38', '124B1E03-1A1C-41DC-A6C8-39C0A9BBF3DF'),
(1691250918518, 1, '1691250814156', '1691250834810', '85.00', '1070.30', 'No', '65.00', '2022-08-02', '', '2023-08-05 09:55:19', '2023-08-05 09:55:19', 1, 0, '5.81', 127, '2023-03-14', '2023-05-22', '0', '2023-08-07 01:13:38', '124B1E03-1A1C-41DC-A6C8-39C0A9BBF3DF'),
(1691250941410, 1, '1691250814156', '1691250834810', '82.00', '1070.30', 'No', '61.00', '2022-12-07', '', '2023-08-05 09:55:41', '2023-08-05 09:55:41', 1, 0, '8.90', 71, '2023-04-25', '2023-06-09', '0', '2023-08-07 01:13:38', '124B1E03-1A1C-41DC-A6C8-39C0A9BBF3DF'),
(1691250957800, 1, '1691250814156', '1691250834810', '80.00', '1186.00', 'No', '59.00', '2023-02-16', '', '2023-08-05 09:55:58', '2023-08-05 09:55:58', 1, 0, '17.27', 170, '2023-04-26', '2023-05-20', '0', '2023-08-07 01:13:38', '124B1E03-1A1C-41DC-A6C8-39C0A9BBF3DF'),
(1691251031816, 1, '1691250980422', '1691250994689', '80.00', '1626.98', 'No', '54.00', '2023-06-09', 'Made mark on gauge where it’s full', '2023-08-05 09:57:12', '2023-08-05 09:57:12', 1, 0, 'N/A', 34, 'N/A', 'N/A', '0', '2023-08-07 01:13:38', '124B1E03-1A1C-41DC-A6C8-39C0A9BBF3DF'),
(1691251049510, 1, '1691250980422', '1691250994689', '90.00', '1704.29', 'No', '51.00', '2023-07-13', '', '2023-08-05 09:57:30', '2023-08-05 09:57:30', 1, 0, '44.24', 24, '2023-08-14', '2023-08-23', '0', '2023-08-07 01:13:38', '124B1E03-1A1C-41DC-A6C8-39C0A9BBF3DF'),
(1691251140685, 1, '1691251092407', '1691251111434', '80.00', '2618.00', 'No', '75.00', '2022-03-11', '', '2023-08-05 09:59:01', '2023-08-05 09:59:01', 1, 0, 'N/A', 439, 'N/A', 'N/A', '0', '2023-08-07 01:13:38', '124B1E03-1A1C-41DC-A6C8-39C0A9BBF3DF'),
(1691251162954, 1, '1691251092407', '1691251111434', '87.00', '3064.70', 'No', '54.00', '2023-05-24', '', '2023-08-05 09:59:23', '2023-08-05 09:59:23', 1, 0, '6.34', 43, '2024-07-20', '2024-11-23', '0', '2023-08-07 01:13:38', '124B1E03-1A1C-41DC-A6C8-39C0A9BBF3DF'),
(1691251182094, 1, '1691251092407', '1691251111434', '52.00', '1792.68', 'No', '51.00', '2023-07-06', '', '2023-08-05 09:59:42', '2023-08-05 09:59:42', 1, 0, '74.25', 31, '2023-07-23', '2023-08-03', '0', '2023-08-07 01:13:38', '124B1E03-1A1C-41DC-A6C8-39C0A9BBF3DF'),
(1691252248683, 1, '1691252222670', '1691252238037', '80.00', '1234.00', 'No', '65.00', '2023-08-05', '', '2023-08-05 10:17:29', '2023-08-05 10:17:29', 1, 0, 'N/A', 1, 'N/A', 'N/A', '0', '2023-08-07 01:13:38', '124B1E03-1A1C-41DC-A6C8-39C0A9BBF3DF'),
(1691252283163, 1, '1691252262335', '1691252272551', '80.00', '2121.00', 'No', '65.00', '2023-08-05', '', '2023-08-05 10:18:03', '2023-08-05 10:18:03', 1, 0, 'N/A', 1, 'N/A', 'N/A', '0', '2023-08-07 01:13:38', '124B1E03-1A1C-41DC-A6C8-39C0A9BBF3DF'),
(1691345777474, 1, '1691345743733', '1691345766045', '80.00', '3265.00', 'Yes', '43.00', '2023-08-06', '', '2023-08-06 12:16:17', '2023-08-06 12:16:17', 1, 0, '90.69', 0, '2023-09-01', '2023-09-10', '0', '2023-08-07 01:13:38', 'F6B3A600-DD05-4E0E-B182-34755FB533CC'),
(1691346271368, 1, '1691345743733', '1691345766045', '80.00', '2345.89', 'No', '54.00', '2023-07-01', '', '2023-08-06 12:24:31', '2023-08-06 12:24:31', 1, 0, 'N/A', 36, 'N/A', 'N/A', '0', '2023-08-07 01:13:38', 'F6B3A600-DD05-4E0E-B182-34755FB533CC'),
(1691346393148, 1, '1691346315838', '1691346362802', '69.00', '500.00', 'No', '54.00', '2023-01-01', '', '2023-08-06 12:26:33', '2023-08-06 12:26:33', 1, 0, 'N/A', 31, 'N/A', 'N/A', '0', '2023-08-07 01:13:38', 'F6B3A600-DD05-4E0E-B182-34755FB533CC'),
(1691346404602, 1, '1691346315838', '1691346362802', '76.00', '3447.00', 'No', '66.00', '2023-02-01', '', '2023-08-06 12:26:45', '2023-08-06 12:26:45', 1, 0, '106.68', 186, '2023-02-11', '2023-02-15', '0', '2023-08-07 01:13:38', 'F6B3A600-DD05-4E0E-B182-34755FB533CC'),
(1691346423500, 1, '1691346315838', '1691346372156', '80.00', '1300.00', 'No', '43.00', '2023-07-01', '', '2023-08-06 12:27:04', '2023-08-06 12:27:04', 1, 0, 'N/A', 18, 'N/A', 'N/A', '0', '2023-08-07 01:13:38', '124B1E03-1A1C-41DC-A6C8-39C0A9BBF3DF'),
(1691346436330, 1, '1691346315838', '1691346372156', '80.00', '654.00', 'No', '43.00', '2023-07-19', '', '2023-08-06 12:27:16', '2023-08-06 12:27:16', 1, 0, '36.33', 18, '2023-08-21', '2023-09-01', '0', '2023-08-07 01:13:38', '124B1E03-1A1C-41DC-A6C8-39C0A9BBF3DF'),
(1691346446217, 1, '1691346315838', '1691346372156', '45.00', '0.00', 'No', '65.00', '2023-08-06', '', '2023-08-06 12:27:26', '2023-08-06 12:27:26', 1, 0, '38.89', 0, '2026-01-12', '2023-08-29', '0', '2023-08-07 01:13:38', '124B1E03-1A1C-41DC-A6C8-39C0A9BBF3DF'),
(1691346744058, 1, '1691346315838', '1691346362802', '40.00', '0.00', 'No', '32.00', '2023-08-06', '', '2023-08-06 12:32:24', '2023-08-06 12:32:24', 1, 0, '3.87', 0, '2023-11-16', '2024-02-28', '0', '2023-08-07 01:13:38', 'F6B3A600-DD05-4E0E-B182-34755FB533CC'),
(1691346844381, 1, '1691346811114', '1691346822822', '65.00', '0.00', 'No', '76.00', '2023-08-06', '', '2023-08-06 12:34:04', '2023-08-06 12:34:04', 1, 0, 'N/A', 0, 'N/A', 'N/A', '0', '2023-08-07 01:13:38', '124B1E03-1A1C-41DC-A6C8-39C0A9BBF3DF'),
(1691346865314, 1, '1691346811114', '1691346834785', '67.00', '534.00', 'No', '54.00', '2023-08-03', '', '2023-08-06 12:34:25', '2023-08-06 12:34:25', 1, 0, 'N/A', 3, 'N/A', 'N/A', '0', '2023-08-07 01:13:38', '124B1E03-1A1C-41DC-A6C8-39C0A9BBF3DF'),
(1691347298432, 1, '1691346811114', '1691346834785', '80.00', '333.00', 'No', '54.00', '2023-08-06', '', '2023-08-06 12:41:38', '2023-08-06 12:41:38', 1, 0, '-62.33', 4, '2023-06-28', '2023-06-16', '0', '2023-08-07 01:13:38', '124B1E03-1A1C-41DC-A6C8-39C0A9BBF3DF'),
(1691347446048, 1, '1691346811114', '1691346834785', '80.00', '1234.00', 'No', '45.00', '2023-08-10', '', '2023-08-06 12:44:06', '2023-08-06 12:44:06', 1, 0, '308.50', -4, '2023-08-18', '2023-08-20', '0', '2023-08-07 01:13:38', '124B1E03-1A1C-41DC-A6C8-39C0A9BBF3DF');

-- --------------------------------------------------------

--
-- Table structure for table `maintenance`
--

CREATE TABLE `maintenance` (
  `maintenanceId` bigint(20) NOT NULL,
  `userId` int(11) DEFAULT NULL,
  `km` text,
  `unitId` text,
  `hours` text,
  `litres` text,
  `lkms` text,
  `total` text,
  `dates` text,
  `notes` text,
  `createdAt` datetime DEFAULT NULL,
  `updatedAt` datetime DEFAULT NULL ON UPDATE CURRENT_TIMESTAMP,
  `isActive` int(11) DEFAULT '1',
  `isSync` text,
  `deleted` int(11) DEFAULT NULL,
  `syncDate` datetime DEFAULT CURRENT_TIMESTAMP ON UPDATE CURRENT_TIMESTAMP,
  `deviceId` text
) ENGINE=InnoDB DEFAULT CHARSET=latin1;

--
-- Dumping data for table `maintenance`
--

INSERT INTO `maintenance` (`maintenanceId`, `userId`, `km`, `unitId`, `hours`, `litres`, `lkms`, `total`, `dates`, `notes`, `createdAt`, `updatedAt`, `isActive`, `isSync`, `deleted`, `syncDate`, `deviceId`) VALUES
(1690986396343, 1, '235718', '1690986258878', '7325.2', '220', '33.59', '', '2023-03-08', '', '2023-08-02 08:26:36', '2023-08-02 11:50:03', 1, '0', 0, '2023-08-07 01:13:38', '18EEDD65-8B84-4A0C-93FA-9EC55F98DC88'),
(1690986419273, 1, '236287', '1690986258878', '7338.1', '200', '35.15', '', '2023-03-14', '', '2023-08-02 08:26:59', '2023-08-02 11:50:03', 1, '0', 0, '2023-08-07 01:13:38', '18EEDD65-8B84-4A0C-93FA-9EC55F98DC88'),
(1690986444335, 1, '236856', '1690986258878', '7354', '240', '42.18', '', '2023-04-02', '', '2023-08-02 08:27:24', '2023-08-02 11:50:03', 1, '0', 0, '2023-08-07 01:13:38', '18EEDD65-8B84-4A0C-93FA-9EC55F98DC88'),
(1690986469685, 1, '237473', '1690986258878', '7373.6', '230', '37.28', '', '2023-05-10', '', '2023-08-02 08:27:50', '2023-08-02 11:50:03', 1, '0', 0, '2023-08-07 01:13:38', '18EEDD65-8B84-4A0C-93FA-9EC55F98DC88'),
(1690986496180, 1, '238217', '1690986258878', '7394.9', '250', '33.60', '', '2023-06-07', '', '2023-08-02 08:28:16', '2023-08-02 11:50:03', 1, '0', 0, '2023-08-07 01:13:38', '18EEDD65-8B84-4A0C-93FA-9EC55F98DC88'),
(1690986534985, 1, '238394', '1690986258878', '7398.4', '0', '0.00', '', '2023-06-08', 'Oil change and grease. Full inspection', '2023-08-02 08:29:04', '2023-08-02 11:50:03', 1, '0', 0, '2023-08-07 01:13:38', '18EEDD65-8B84-4A0C-93FA-9EC55F98DC88'),
(1690986590799, 1, '238630', '1690986258878', '7405.5', '150', '36.32', '', '2023-06-16', '', '2023-08-02 08:29:51', '2023-08-02 11:50:03', 1, '0', 0, '2023-08-07 01:13:38', '18EEDD65-8B84-4A0C-93FA-9EC55F98DC88'),
(1690989999971, 1, '239075', '1690986258878', '7418.4', '160', '35.96', '', '2023-06-23', '', '2023-08-02 09:26:40', '2023-08-02 11:50:03', 1, '0', 0, '2023-08-07 01:13:38', '18EEDD65-8B84-4A0C-93FA-9EC55F98DC88'),
(1690990021014, 1, '239578', '1690986258878', '7433', '200', '39.76', '', '2023-06-26', '', '2023-08-02 09:27:01', '2023-08-02 11:50:03', 1, '0', 0, '2023-08-07 01:13:38', '18EEDD65-8B84-4A0C-93FA-9EC55F98DC88'),
(1690990041942, 1, '240422', '1690986258878', '7453', '290', '34.36', '', '2023-06-30', '', '2023-08-02 09:27:22', '2023-08-02 11:50:03', 1, '0', 0, '2023-08-07 01:13:38', '18EEDD65-8B84-4A0C-93FA-9EC55F98DC88'),
(1690990064447, 1, '240837', '1690986258878', '7462.5', '150', '36.14', '', '2023-07-04', '', '2023-08-02 09:27:44', '2023-08-02 11:50:03', 1, '0', 0, '2023-08-07 01:13:38', '18EEDD65-8B84-4A0C-93FA-9EC55F98DC88'),
(1690990086742, 1, '241549', '1690986258878', '7481.2', '240', '33.71', '', '2023-07-10', '', '2023-08-02 09:28:07', '2023-08-02 11:50:03', 1, '0', 0, '2023-08-07 01:13:38', '18EEDD65-8B84-4A0C-93FA-9EC55F98DC88'),
(1690990110418, 1, '242314', '1690986258878', '7498.8', '240', '31.37', '', '2023-07-19', '', '2023-08-02 09:28:30', '2023-08-02 11:50:03', 1, '0', 0, '2023-08-07 01:13:38', '18EEDD65-8B84-4A0C-93FA-9EC55F98DC88'),
(1690995087678, 1, '242933', '1690986258878', '7516.1', '200', '32.31', '', '2023-08-02', '', '2023-08-02 10:51:28', '2023-08-02 11:50:03', 1, '0', 0, '2023-08-07 01:13:38', '18EEDD65-8B84-4A0C-93FA-9EC55F98DC88'),
(1690998426219, 1, '232083', '1690986258878', '7221.6', '0', '0.00', '', '2023-01-02', '', '2023-08-02 11:47:06', '2023-08-02 11:50:03', 1, '0', 0, '2023-08-07 01:13:38', '18EEDD65-8B84-4A0C-93FA-9EC55F98DC88'),
(1690998447338, 1, '232659', '1690986258878', '7238', '200', '0.09', '', '2023-01-03', '', '2023-08-02 11:47:27', '2023-08-02 11:50:03', 1, '0', 0, '2023-08-07 01:13:38', '18EEDD65-8B84-4A0C-93FA-9EC55F98DC88'),
(1690998476736, 1, '233337', '1690986258878', '7257.8', '250', '36.87', '', '2023-01-16', 'greased', '2023-08-02 11:47:57', '2023-08-02 11:50:03', 1, '0', 0, '2023-08-07 01:13:38', '18EEDD65-8B84-4A0C-93FA-9EC55F98DC88'),
(1690998506351, 1, '233897', '1690986258878', '7273', '190', '33.93', '', '2023-01-30', '', '2023-08-02 11:48:26', '2023-08-02 11:50:03', 1, '0', 0, '2023-08-07 01:13:38', '18EEDD65-8B84-4A0C-93FA-9EC55F98DC88'),
(1690998545742, 1, '234473', '1690986258878', '7287.7', '210', '36.46', '', '2023-02-06', '', '2023-08-02 11:49:06', '2023-08-02 11:50:03', 1, '0', 0, '2023-08-07 01:13:38', '18EEDD65-8B84-4A0C-93FA-9EC55F98DC88'),
(1690998575374, 1, '234484', '1690986258878', '7288.1', '0', '0.00', '', '2023-02-06', 'replaced windshield', '2023-08-02 11:49:35', '2023-08-02 11:50:03', 1, '0', 0, '2023-08-07 01:13:38', '18EEDD65-8B84-4A0C-93FA-9EC55F98DC88'),
(1690998603088, 1, '235063', '1690986258878', '7306.4', '210', '35.59', '', '2023-02-27', '', '2023-08-02 11:50:03', '2023-08-02 11:50:03', 1, '0', 0, '2023-08-07 01:13:38', '18EEDD65-8B84-4A0C-93FA-9EC55F98DC88');

-- --------------------------------------------------------

--
-- Table structure for table `propanes`
--

CREATE TABLE `propanes` (
  `propaneId` bigint(20) NOT NULL,
  `userId` int(11) DEFAULT NULL,
  `propaneName` text,
  `createdAt` datetime DEFAULT NULL,
  `updatedAt` datetime DEFAULT CURRENT_TIMESTAMP ON UPDATE CURRENT_TIMESTAMP,
  `isActive` int(11) DEFAULT '1',
  `isSync` text,
  `deleted` int(11) DEFAULT NULL,
  `deviceId` text,
  `syncDate` datetime DEFAULT CURRENT_TIMESTAMP ON UPDATE CURRENT_TIMESTAMP
) ENGINE=InnoDB DEFAULT CHARSET=latin1;

--
-- Dumping data for table `propanes`
--

INSERT INTO `propanes` (`propaneId`, `userId`, `propaneName`, `createdAt`, `updatedAt`, `isActive`, `isSync`, `deleted`, `deviceId`, `syncDate`) VALUES
(1690882373931, 1, 'Propane Use 1', '2023-08-01 12:32:54', '2023-08-01 12:32:54', 1, '0', 1, 'C2E5C4F2-267B-45BF-9ECB-8696259D45F4', '2023-08-04 21:10:26'),
(1691067675018, 1, 'Home Heat', '2023-08-03 07:01:15', '2023-08-03 07:01:15', 1, '0', 0, 'C2E5C4F2-267B-45BF-9ECB-8696259D45F4', '2023-08-07 00:18:35'),
(1691067680204, 1, 'Shop Heat', '2023-08-03 07:01:20', '2023-08-03 07:01:20', 1, '0', 0, 'C2E5C4F2-267B-45BF-9ECB-8696259D45F4', '2023-08-07 00:18:35'),
(1691067687273, 1, 'Oilfield', '2023-08-03 07:01:27', '2023-08-03 07:01:27', 1, '0', 0, 'C2E5C4F2-267B-45BF-9ECB-8696259D45F4', '2023-08-07 00:18:35'),
(1691067693459, 1, 'Grain Drying', '2023-08-03 07:01:33', '2023-08-03 07:01:33', 1, '0', 0, 'C2E5C4F2-267B-45BF-9ECB-8696259D45F4', '2023-08-07 00:18:35'),
(1691067701337, 1, 'Campers', '2023-08-03 07:01:41', '2023-08-03 07:01:41', 1, '0', 0, 'C2E5C4F2-267B-45BF-9ECB-8696259D45F4', '2023-08-07 00:18:35'),
(1691067708840, 1, 'Bottle Fill', '2023-08-04 14:53:21', '2023-08-04 14:53:21', 1, '0', 0, '124B1E03-1A1C-41DC-A6C8-39C0A9BBF3DF', '2023-08-07 00:18:35'),
(1691067714733, 1, 'Irrigation', '2023-08-03 07:01:55', '2023-08-03 07:01:55', 1, '0', 0, 'C2E5C4F2-267B-45BF-9ECB-8696259D45F4', '2023-08-07 00:18:35');

-- --------------------------------------------------------

--
-- Table structure for table `rentals`
--

CREATE TABLE `rentals` (
  `rentalId` bigint(20) NOT NULL,
  `userId` int(11) DEFAULT NULL,
  `billingName` text,
  `truckNumber` text,
  `date` varchar(50) DEFAULT NULL,
  `datedeliver` date DEFAULT NULL,
  `renewal_month` text,
  `rental` double DEFAULT NULL,
  `size` double DEFAULT NULL,
  `sn` double DEFAULT NULL,
  `al` double DEFAULT NULL,
  `note` text,
  `prv` text,
  `previousRenter` text,
  `createdAt` datetime DEFAULT NULL,
  `updatedAt` datetime DEFAULT NULL ON UPDATE CURRENT_TIMESTAMP,
  `isActive` int(11) DEFAULT '1',
  `deleted` int(11) DEFAULT NULL,
  `syncDate` datetime DEFAULT CURRENT_TIMESTAMP ON UPDATE CURRENT_TIMESTAMP,
  `deviceId` text,
  `isReturn` text,
  `isSync` text
) ENGINE=InnoDB DEFAULT CHARSET=latin1;

--
-- Dumping data for table `rentals`
--

INSERT INTO `rentals` (`rentalId`, `userId`, `billingName`, `truckNumber`, `date`, `datedeliver`, `renewal_month`, `rental`, `size`, `sn`, `al`, `note`, `prv`, `previousRenter`, `createdAt`, `updatedAt`, `isActive`, `deleted`, `syncDate`, `deviceId`, `isReturn`, `isSync`) VALUES
(1691246033271, 1, '', '2', '', '0000-00-00', 'In Yard', 200, 2000, 581245, 30759, '', '', '', '2023-08-05 08:33:53', '2023-08-05 08:33:53', 1, 0, '2023-08-07 01:13:38', '124B1E03-1A1C-41DC-A6C8-39C0A9BBF3DF', '0', '0'),
(1691246060965, 1, '', '4', '', '0000-00-00', 'In Yard', 200, 2000, 2580, 24202, '', '', '', '2023-08-05 08:34:21', '2023-08-05 08:34:21', 1, 0, '2023-08-07 01:13:38', '124B1E03-1A1C-41DC-A6C8-39C0A9BBF3DF', '0', '0'),
(1691246131441, 1, 'Cairnhill Hall', '1', '', '2016-08-09', 'August', 200, 2000, 612160, 35662, '', '', '', '2023-08-05 08:44:47', '2023-08-05 08:44:47', 1, 0, '2023-08-07 01:13:38', '124B1E03-1A1C-41DC-A6C8-39C0A9BBF3DF', '0', '0'),
(1691246708724, 1, '', '3', '', '0000-00-00', 'In Yard', 200, 2000, 2222, 222, '', '', '', '2023-08-05 08:46:02', '2023-08-05 08:46:02', 1, 0, '2023-08-07 01:13:38', '124B1E03-1A1C-41DC-A6C8-39C0A9BBF3DF', '0', '0');

-- --------------------------------------------------------

--
-- Table structure for table `schedule`
--

CREATE TABLE `schedule` (
  `scheduleId` bigint(20) NOT NULL,
  `clientId` varchar(20) DEFAULT NULL,
  `userId` varchar(20) DEFAULT NULL,
  `tankId` varchar(20) DEFAULT NULL,
  `isSync` text,
  `month` text,
  `year` text,
  `boxId` text,
  `cId` text,
  `tId` text,
  `notes` text,
  `createdAt` datetime DEFAULT NULL,
  `updatedAt` datetime DEFAULT NULL ON UPDATE CURRENT_TIMESTAMP,
  `isActive` int(11) DEFAULT '1',
  `deleted` int(11) DEFAULT NULL,
  `syncDate` datetime DEFAULT CURRENT_TIMESTAMP ON UPDATE CURRENT_TIMESTAMP,
  `deviceId` text
) ENGINE=InnoDB DEFAULT CHARSET=latin1;

--
-- Dumping data for table `schedule`
--

INSERT INTO `schedule` (`scheduleId`, `clientId`, `userId`, `tankId`, `isSync`, `month`, `year`, `boxId`, `cId`, `tId`, `notes`, `createdAt`, `updatedAt`, `isActive`, `deleted`, `syncDate`, `deviceId`) VALUES
(1691078729759, '1691078980969', '1', '1691163727696', '0', 'Aug', '2023', '2', '1691078980969', '1691163727696', '', '2023-08-03 19:05:30', '2023-08-03 19:05:30', 1, 1, '2023-08-05 03:04:25', '124B1E03-1A1C-41DC-A6C8-39C0A9BBF3DF'),
(1691078982602, '1691164618704', '1', '1691164659338', '0', 'Aug', '2023', '2', '1691164618704', '1691164659338', '', '2023-08-03 19:09:43', '2023-08-03 19:09:43', 1, 1, '2023-08-04 21:48:36', '124B1E03-1A1C-41DC-A6C8-39C0A9BBF3DF'),
(1691184857015, '1691164358472', '1', '1691164381517', '0', 'Aug', '2023', '1', '1691164358472', '1691164381517', '', '2023-08-04 15:34:17', '2023-08-04 15:34:17', 1, 1, '2023-08-05 03:40:06', '124B1E03-1A1C-41DC-A6C8-39C0A9BBF3DF'),
(1691184860916, '1691078980969', '1', '1691163727696', '0', 'Aug', '2023', '1', '1691078980969', '1691163727696', '', '2023-08-04 15:34:21', '2023-08-04 15:34:21', 1, 1, '2023-08-05 21:21:27', '124B1E03-1A1C-41DC-A6C8-39C0A9BBF3DF'),
(1691184863650, '1691164618704', '1', '1691164659338', '0', 'Aug', '2023', '1', '1691164618704', '1691164659338', '', '2023-08-04 15:34:24', '2023-08-04 15:34:24', 1, 1, '2023-08-05 21:21:27', '124B1E03-1A1C-41DC-A6C8-39C0A9BBF3DF'),
(1691184866176, '1691178837238', '1', '1691179241603', '0', 'Aug', '2023', '1', '1691178837238', '1691179241603', '', '2023-08-04 15:34:26', '2023-08-04 15:34:26', 1, 0, '2023-08-07 01:13:38', '124B1E03-1A1C-41DC-A6C8-39C0A9BBF3DF'),
(1691184871612, '1691181791588', '1', '1691181811159', '0', 'Aug', '2023', '1', '1691181791588', '1691181811159', '', '2023-08-04 15:34:32', '2023-08-04 15:34:32', 1, 1, '2023-08-05 03:40:15', '124B1E03-1A1C-41DC-A6C8-39C0A9BBF3DF'),
(1691184874129, '1691178692006', '1', '1691178709991', '0', 'Aug', '2023', '1', '1691178692006', '1691178709991', '', '2023-08-04 15:34:34', '2023-08-04 15:34:34', 1, 1, '2023-08-05 21:21:27', '124B1E03-1A1C-41DC-A6C8-39C0A9BBF3DF'),
(1691184876872, '1691180857516', '1', '1691181389970', '0', 'Aug', '2023', '1', '1691180857516', '1691181389970', '', '2023-08-04 15:34:37', '2023-08-04 15:34:37', 1, 1, '2023-08-05 21:21:27', '124B1E03-1A1C-41DC-A6C8-39C0A9BBF3DF'),
(1691184879248, '1691178837238', '1', '1691179112528', '0', 'Aug', '2023', '1', '1691178837238', '1691179112528', '', '2023-08-04 15:34:39', '2023-08-04 15:34:39', 1, 0, '2023-08-07 01:13:38', '124B1E03-1A1C-41DC-A6C8-39C0A9BBF3DF'),
(1691184882524, '1691178837238', '1', '1691179645926', '0', 'Aug', '2023', '1', '1691178837238', '1691179645926', '', '2023-08-04 15:34:43', '2023-08-04 15:34:43', 1, 0, '2023-08-07 01:13:38', '124B1E03-1A1C-41DC-A6C8-39C0A9BBF3DF'),
(1691184887192, '1691178837238', '1', '1691179288379', '0', 'Aug', '2023', '1', '1691178837238', '1691179288379', '', '2023-08-04 15:34:47', '2023-08-04 15:34:47', 1, 0, '2023-08-07 01:13:38', '124B1E03-1A1C-41DC-A6C8-39C0A9BBF3DF'),
(1691184891461, '1691178837238', '1', '1691178945181', '0', 'Aug', '2023', '1', '1691178837238', '1691178945181', '', '2023-08-04 15:34:51', '2023-08-04 15:34:51', 1, 1, '2023-08-05 03:40:11', '124B1E03-1A1C-41DC-A6C8-39C0A9BBF3DF'),
(1691184904932, '1691178837238', '1', '1691179202546', '0', 'Aug', '2023', '1', '1691178837238', '1691179202546', '', '2023-08-04 15:35:05', '2023-08-04 15:35:05', 1, 1, '2023-08-05 03:40:09', '124B1E03-1A1C-41DC-A6C8-39C0A9BBF3DF'),
(1691184928066, '1691182749988', '1', '1691182783214', '0', 'Aug', '2023', '1', '1691182749988', '1691182783214', '', '2023-08-04 15:35:28', '2023-08-04 15:35:28', 1, 1, '2023-08-05 03:18:51', '124B1E03-1A1C-41DC-A6C8-39C0A9BBF3DF'),
(1691184933868, '1691178837238', '1', '1691179348911', '0', 'Aug', '2023', '1', '1691178837238', '1691179348911', '', '2023-08-04 15:35:34', '2023-08-04 15:35:34', 1, 0, '2023-08-07 01:13:38', '124B1E03-1A1C-41DC-A6C8-39C0A9BBF3DF'),
(1691184938203, '1691180857516', '1', '1691181325819', '0', 'Aug', '2023', '1', '1691180857516', '1691181325819', '', '2023-08-04 15:35:38', '2023-08-04 15:35:38', 1, 0, '2023-08-07 01:13:38', '124B1E03-1A1C-41DC-A6C8-39C0A9BBF3DF'),
(1691184941479, '1691180857516', '1', '1691181064446', '0', 'Aug', '2023', '1', '1691180857516', '1691181064446', '', '2023-08-04 15:35:41', '2023-08-04 15:35:41', 1, 0, '2023-08-07 01:13:38', '124B1E03-1A1C-41DC-A6C8-39C0A9BBF3DF'),
(1691184944706, '1691181946135', '1', '1691181982445', '0', 'Aug', '2023', '1', '1691181946135', '1691181982445', '', '2023-08-04 15:35:45', '2023-08-04 15:35:45', 1, 0, '2023-08-07 01:13:38', '124B1E03-1A1C-41DC-A6C8-39C0A9BBF3DF'),
(1691184948991, '1691179784454', '1', '1691179801313', '0', 'Aug', '2023', '1', '1691179784454', '1691179801313', '', '2023-08-04 15:35:49', '2023-08-04 15:35:49', 1, 0, '2023-08-07 01:13:38', '124B1E03-1A1C-41DC-A6C8-39C0A9BBF3DF'),
(1691184953275, '1691180381397', '1', '1691180405485', '0', 'Aug', '2023', '1', '1691180381397', '1691180405485', '', '2023-08-04 15:35:53', '2023-08-04 15:35:53', 1, 0, '2023-08-07 01:13:38', '124B1E03-1A1C-41DC-A6C8-39C0A9BBF3DF'),
(1691184958269, '1691182233752', '1', '1691182252847', '0', 'Aug', '2023', '1', '1691182233752', '1691182252847', '', '2023-08-04 15:35:58', '2023-08-04 15:35:58', 1, 0, '2023-08-07 01:13:38', '124B1E03-1A1C-41DC-A6C8-39C0A9BBF3DF'),
(1691184963113, '1691067627223', '1', '1691067737534', '0', 'Aug', '2023', '1', '1691067627223', '1691067737534', '', '2023-08-04 15:36:03', '2023-08-04 15:36:03', 1, 0, '2023-08-07 01:13:38', '124B1E03-1A1C-41DC-A6C8-39C0A9BBF3DF'),
(1691184968673, '1691179885178', '1', '1691179984763', '0', 'Aug', '2023', '1', '1691179885178', '1691179984763', '', '2023-08-04 15:36:09', '2023-08-04 15:36:09', 1, 0, '2023-08-07 01:13:38', '124B1E03-1A1C-41DC-A6C8-39C0A9BBF3DF'),
(1691184974450, '1691179885178', '1', '1691180001004', '0', 'Aug', '2023', '1', '1691179885178', '1691180001004', '', '2023-08-04 15:36:14', '2023-08-04 15:36:14', 1, 0, '2023-08-07 01:13:38', '124B1E03-1A1C-41DC-A6C8-39C0A9BBF3DF'),
(1691184979610, '1691180215505', '1', '1691180234282', '0', 'Aug', '2023', '1', '1691180215505', '1691180234282', '', '2023-08-04 15:36:20', '2023-08-04 15:36:20', 1, 0, '2023-08-07 01:13:38', '124B1E03-1A1C-41DC-A6C8-39C0A9BBF3DF'),
(1691184984404, '1691180857516', '1', '1691180936452', '0', 'Aug', '2023', '1', '1691180857516', '1691180936452', '', '2023-08-04 15:36:24', '2023-08-04 15:36:24', 1, 0, '2023-08-07 01:13:38', '124B1E03-1A1C-41DC-A6C8-39C0A9BBF3DF'),
(1691184989031, '1691174129754', '1', '1691174152631', '0', 'Aug', '2023', '1', '1691174129754', '1691174152631', '', '2023-08-04 15:36:29', '2023-08-04 15:36:29', 1, 0, '2023-08-07 01:13:38', '124B1E03-1A1C-41DC-A6C8-39C0A9BBF3DF'),
(1691184993932, '1691180857516', '1', '1691181441199', '0', 'Aug', '2023', '1', '1691180857516', '1691181441199', '', '2023-08-04 15:36:34', '2023-08-04 15:36:34', 1, 0, '2023-08-07 01:13:38', '124B1E03-1A1C-41DC-A6C8-39C0A9BBF3DF'),
(1691184999668, '1691179885178', '1', '1691180030024', '0', 'Aug', '2023', '1', '1691179885178', '1691180030024', '', '2023-08-04 15:36:40', '2023-08-04 15:36:40', 1, 0, '2023-08-07 01:13:38', '124B1E03-1A1C-41DC-A6C8-39C0A9BBF3DF'),
(1691185004545, '1691173993311', '1', '1691174004076', '0', 'Aug', '2023', '1', '1691173993311', '1691174004076', '', '2023-08-04 15:36:45', '2023-08-04 15:36:45', 1, 0, '2023-08-07 01:13:38', '124B1E03-1A1C-41DC-A6C8-39C0A9BBF3DF'),
(1691185009472, '1691174077518', '1', '1691174140686', '0', 'Aug', '2023', '1', '1691174077518', '1691174140686', '', '2023-08-04 15:36:49', '2023-08-04 15:36:49', 1, 0, '2023-08-07 01:13:38', '124B1E03-1A1C-41DC-A6C8-39C0A9BBF3DF'),
(1691185015982, '1691179885178', '1', '1691180044354', '0', 'Aug', '2023', '2', '1691179885178', '1691180044354', '', '2023-08-04 15:36:56', '2023-08-04 15:36:56', 1, 0, '2023-08-07 01:13:38', '124B1E03-1A1C-41DC-A6C8-39C0A9BBF3DF'),
(1691185019183, '1691179885178', '1', '1691179959411', '0', 'Aug', '2023', '2', '1691179885178', '1691179959411', '', '2023-08-04 15:36:59', '2023-08-04 15:36:59', 1, 0, '2023-08-07 01:13:38', '124B1E03-1A1C-41DC-A6C8-39C0A9BBF3DF'),
(1691185026144, '1691068156654', '1', '1691068184099', '0', 'Aug', '2023', '2', '1691068156654', '1691068184099', '', '2023-08-04 15:37:06', '2023-08-04 15:37:06', 1, 0, '2023-08-07 01:13:38', '124B1E03-1A1C-41DC-A6C8-39C0A9BBF3DF'),
(1691185030771, '1691178837238', '1', '1691179537890', '0', 'Aug', '2023', '2', '1691178837238', '1691179537890', '', '2023-08-04 15:37:11', '2023-08-04 15:37:11', 1, 0, '2023-08-07 01:13:38', '124B1E03-1A1C-41DC-A6C8-39C0A9BBF3DF'),
(1691185037032, '1691078811486', '1', '1691078838331', '0', 'Aug', '2023', '2', '1691078811486', '1691078838331', '', '2023-08-04 15:37:17', '2023-08-04 15:37:17', 1, 1, '2023-08-05 03:27:47', '124B1E03-1A1C-41DC-A6C8-39C0A9BBF3DF'),
(1691185042934, '1691182080156', '1', '1691182120110', '0', 'Aug', '2023', '2', '1691182080156', '1691182120110', '', '2023-08-04 15:37:23', '2023-08-04 15:37:23', 1, 0, '2023-08-07 01:13:38', '124B1E03-1A1C-41DC-A6C8-39C0A9BBF3DF'),
(1691185048069, '1691180857516', '1', '1691180914709', '0', 'Aug', '2023', '2', '1691180857516', '1691180914709', '', '2023-08-04 15:37:28', '2023-08-04 15:37:28', 1, 0, '2023-08-07 01:13:38', '124B1E03-1A1C-41DC-A6C8-39C0A9BBF3DF'),
(1691185052029, '1691180857516', '1', '1691181547751', '0', 'Aug', '2023', '2', '1691180857516', '1691181547751', '', '2023-08-04 15:37:32', '2023-08-04 15:37:32', 1, 0, '2023-08-07 01:13:38', '124B1E03-1A1C-41DC-A6C8-39C0A9BBF3DF'),
(1691185056189, '1691067980410', '1', '1691068000286', '0', 'Aug', '2023', '2', '1691067980410', '1691068000286', '', '2023-08-04 15:37:36', '2023-08-04 15:37:36', 1, 0, '2023-08-07 01:13:38', '124B1E03-1A1C-41DC-A6C8-39C0A9BBF3DF'),
(1691185063033, '1691178837238', '1', '1691179607518', '0', 'Aug', '2023', '2', '1691178837238', '1691179607518', '', '2023-08-04 15:37:43', '2023-08-04 15:37:43', 1, 0, '2023-08-07 01:13:38', '124B1E03-1A1C-41DC-A6C8-39C0A9BBF3DF'),
(1691185070728, '1691180628672', '1', '1691180647108', '0', 'Aug', '2023', '1', '1691180628672', '1691180647108', '', '2023-08-04 15:37:51', '2023-08-04 15:37:51', 1, 0, '2023-08-07 01:13:38', '124B1E03-1A1C-41DC-A6C8-39C0A9BBF3DF'),
(1691185075463, '1691179885178', '1', '1691179945356', '0', 'Aug', '2023', '1', '1691179885178', '1691179945356', '', '2023-08-04 15:37:55', '2023-08-04 15:37:55', 1, 0, '2023-08-07 01:13:38', '124B1E03-1A1C-41DC-A6C8-39C0A9BBF3DF'),
(1691185079531, '1691179885178', '1', '1691180017127', '0', 'Aug', '2023', '1', '1691179885178', '1691180017127', '', '2023-08-04 15:38:00', '2023-08-04 15:38:00', 1, 0, '2023-08-07 01:13:38', '124B1E03-1A1C-41DC-A6C8-39C0A9BBF3DF'),
(1691185097888, '1691178837238', '1', '1691178986362', '0', 'Aug', '2023', '1', '1691178837238', '1691178986362', '', '2023-08-04 15:38:18', '2023-08-04 15:38:18', 1, 0, '2023-08-07 01:13:38', '124B1E03-1A1C-41DC-A6C8-39C0A9BBF3DF'),
(1691185102840, '1691068156654', '1', '1691076970348', '0', 'Aug', '2023', '1', '1691068156654', '1691076970348', '', '2023-08-04 15:38:23', '2023-08-04 15:38:23', 1, 0, '2023-08-07 01:13:38', '124B1E03-1A1C-41DC-A6C8-39C0A9BBF3DF'),
(1691185108050, '1691182369057', '1', '1691182391145', '0', 'Aug', '2023', '1', '1691182369057', '1691182391145', '', '2023-08-04 15:38:28', '2023-08-04 15:38:28', 1, 0, '2023-08-07 01:13:38', '124B1E03-1A1C-41DC-A6C8-39C0A9BBF3DF'),
(1691185114894, '1691180513710', '1', '1691180548443', '0', 'Aug', '2023', '1', '1691180513710', '1691180548443', '', '2023-08-04 15:38:35', '2023-08-04 15:38:35', 1, 1, '2023-08-05 21:21:27', '124B1E03-1A1C-41DC-A6C8-39C0A9BBF3DF'),
(1691185121030, '1691178461366', '1', '1691178479526', '0', 'Aug', '2023', '1', '1691178461366', '1691178479526', '', '2023-08-04 15:38:41', '2023-08-04 15:38:41', 1, 0, '2023-08-07 01:13:38', '124B1E03-1A1C-41DC-A6C8-39C0A9BBF3DF'),
(1691185126173, '1691178582613', '1', '1691178604333', '0', 'Aug', '2023', '1', '1691178582613', '1691178604333', '', '2023-08-04 15:38:46', '2023-08-04 15:38:46', 1, 0, '2023-08-07 01:13:38', '124B1E03-1A1C-41DC-A6C8-39C0A9BBF3DF'),
(1691185131050, '1691178837238', '1', '1691179428158', '0', 'Aug', '2023', '1', '1691178837238', '1691179428158', '', '2023-08-04 15:38:51', '2023-08-04 15:38:51', 1, 0, '2023-08-07 01:13:38', '124B1E03-1A1C-41DC-A6C8-39C0A9BBF3DF'),
(1691185179052, '1691182503482', '1', '1691182629678', '0', 'Aug', '2023', '1', '1691182503482', '1691182629678', '', '2023-08-04 15:39:39', '2023-08-04 15:39:39', 1, 0, '2023-08-07 01:13:38', '124B1E03-1A1C-41DC-A6C8-39C0A9BBF3DF'),
(1691185183286, '1691182503482', '1', '1691182562609', '0', 'Aug', '2023', '1', '1691182503482', '1691182562609', '', '2023-08-04 15:39:43', '2023-08-04 15:39:43', 1, 0, '2023-08-07 01:13:38', '124B1E03-1A1C-41DC-A6C8-39C0A9BBF3DF'),
(1691186167548, '1691182749988', '1', '1691182783214', '0', 'Aug', '2023', '4', '1691182749988', '1691182783214', '', '2023-08-04 15:56:08', '2023-08-04 15:56:08', 1, 1, '2023-08-05 03:43:26', '124B1E03-1A1C-41DC-A6C8-39C0A9BBF3DF'),
(1691186267427, '1691078811486', '1', '1691078838331', '0', 'Aug', '2023', '2', '1691078811486', '1691078838331', 'Call 1st', '2023-08-04 15:57:47', '2023-08-04 15:57:47', 1, 0, '2023-08-07 01:13:38', '124B1E03-1A1C-41DC-A6C8-39C0A9BBF3DF'),
(1691187000410, '1691164358472', '1', '1691164381517', '0', 'Aug', '2023', '7', '1691164358472', '1691164381517', '', '2023-08-04 16:10:00', '2023-08-04 16:10:00', 1, 0, '2023-08-07 01:13:38', '124B1E03-1A1C-41DC-A6C8-39C0A9BBF3DF'),
(1691187004920, '1691178837238', '1', '1691179202546', '0', 'Aug', '2023', '7', '1691178837238', '1691179202546', '', '2023-08-04 16:10:05', '2023-08-04 16:10:05', 1, 0, '2023-08-07 01:13:38', '124B1E03-1A1C-41DC-A6C8-39C0A9BBF3DF'),
(1691187007780, '1691178837238', '1', '1691178945181', '0', 'Aug', '2023', '7', '1691178837238', '1691178945181', '', '2023-08-04 16:10:08', '2023-08-04 16:10:08', 1, 0, '2023-08-07 01:13:38', '124B1E03-1A1C-41DC-A6C8-39C0A9BBF3DF'),
(1691187010597, '1691181791588', '1', '1691181811159', '0', 'Aug', '2023', '7', '1691181791588', '1691181811159', '', '2023-08-04 16:10:11', '2023-08-04 16:10:11', 1, 0, '2023-08-07 01:13:38', '124B1E03-1A1C-41DC-A6C8-39C0A9BBF3DF'),
(1691187205530, '1691182749988', '1', '1691182783214', '0', 'Aug', '2023', '7', '1691182749988', '1691182783214', '', '2023-08-04 16:13:26', '2023-08-04 16:13:26', 1, 0, '2023-08-07 01:13:38', '124B1E03-1A1C-41DC-A6C8-39C0A9BBF3DF'),
(1691246520875, '1691180857516', '1', '1691181389970', '0', 'Aug', '2023', '4', '1691180857516', '1691181389970', '', '2023-08-05 08:42:01', '2023-08-05 08:42:01', 1, 0, '2023-08-07 01:13:38', '124B1E03-1A1C-41DC-A6C8-39C0A9BBF3DF'),
(1691246524393, '1691178692006', '1', '1691178709991', '0', 'Aug', '2023', '4', '1691178692006', '1691178709991', '', '2023-08-05 08:42:04', '2023-08-05 08:42:04', 1, 0, '2023-08-07 01:13:38', '124B1E03-1A1C-41DC-A6C8-39C0A9BBF3DF'),
(1691246527711, '1691180513710', '1', '1691180548443', '0', 'Aug', '2023', '4', '1691180513710', '1691180548443', '', '2023-08-05 08:42:08', '2023-08-05 08:42:08', 1, 0, '2023-08-07 01:13:38', '124B1E03-1A1C-41DC-A6C8-39C0A9BBF3DF'),
(1691246530704, '1691164618704', '1', '1691164659338', '0', 'Aug', '2023', '4', '1691164618704', '1691164659338', '', '2023-08-05 08:42:11', '2023-08-05 08:42:11', 1, 0, '2023-08-07 01:13:38', '124B1E03-1A1C-41DC-A6C8-39C0A9BBF3DF'),
(1691246534155, '1691078980969', '1', '1691163727696', '0', 'Aug', '2023', '4', '1691078980969', '1691163727696', '', '2023-08-05 08:42:14', '2023-08-05 08:42:14', 1, 0, '2023-08-07 01:13:38', '124B1E03-1A1C-41DC-A6C8-39C0A9BBF3DF'),
(1691252328160, '1691252222670', '1', '1691252238037', '0', 'Aug', '2023', '4', '1691252222670', '1691252238037', '', '2023-08-05 10:18:48', '2023-08-05 10:18:48', 1, 0, '2023-08-07 01:13:38', '124B1E03-1A1C-41DC-A6C8-39C0A9BBF3DF'),
(1691252331395, '1691252262335', '1', '1691252272551', '0', 'Aug', '2023', '4', '1691252262335', '1691252272551', '', '2023-08-05 10:18:51', '2023-08-05 10:18:51', 1, 0, '2023-08-07 01:13:38', '124B1E03-1A1C-41DC-A6C8-39C0A9BBF3DF'),
(1691345802822, '1691345743733', '1', '1691345766045', '0', 'Aug', '2023', '5', '1691345743733', '1691345766045', 'offline schedule ', '2023-08-06 12:16:43', '2023-08-06 12:16:43', 1, 1, '2023-08-06 23:54:31', 'F6B3A600-DD05-4E0E-B182-34755FB533CC'),
(1691346847653, '1691346811114', '1', '1691346822822', '0', 'Aug', '2023', '5', '1691346811114', '1691346822822', '', '2023-08-06 12:34:08', '2023-08-06 12:34:08', 1, 0, '2023-08-07 01:13:38', '124B1E03-1A1C-41DC-A6C8-39C0A9BBF3DF'),
(1691346868502, '1691346811114', '1', '1691346834785', '0', 'Aug', '2023', '6', '1691346811114', '1691346834785', '', '2023-08-06 12:34:29', '2023-08-06 12:34:29', 1, 0, '2023-08-07 01:13:38', '124B1E03-1A1C-41DC-A6C8-39C0A9BBF3DF'),
(1691347397550, '1691346811114', '1', '1691346834785', '0', 'Aug', '2023', '6', '1691346811114', '1691346834785', '', '2023-08-06 12:43:18', '2023-08-06 12:43:18', 1, 1, '2023-08-07 00:15:32', '124B1E03-1A1C-41DC-A6C8-39C0A9BBF3DF'),
(1691347496213, '1691346811114', '1', '1691346834785', '0', 'Aug', '2023', '6', '1691346811114', '1691346834785', '', '2023-08-06 12:44:56', '2023-08-06 12:44:56', 1, 1, '2023-08-07 00:15:32', '124B1E03-1A1C-41DC-A6C8-39C0A9BBF3DF'),
(1691347518296, '1691346811114', '1', '1691346834785', '0', 'Aug', '2023', '4', '1691346811114', '1691346834785', '', '2023-08-06 12:45:18', '2023-08-06 12:45:18', 1, 1, '2023-08-07 00:15:32', '124B1E03-1A1C-41DC-A6C8-39C0A9BBF3DF'),
(1691347531476, '1691346811114', '1', '1691346834785', '0', 'Aug', '2023', '6', '1691346811114', '1691346834785', '', '2023-08-06 12:45:31', '2023-08-06 12:45:31', 1, 0, '2023-08-07 01:13:38', '124B1E03-1A1C-41DC-A6C8-39C0A9BBF3DF');

-- --------------------------------------------------------

--
-- Table structure for table `sync_history`
--

CREATE TABLE `sync_history` (
  `id` int(11) NOT NULL,
  `user_id` int(11) DEFAULT NULL,
  `device_id` text,
  `created_at` datetime DEFAULT CURRENT_TIMESTAMP
) ENGINE=InnoDB DEFAULT CHARSET=latin1;

--
-- Dumping data for table `sync_history`
--

INSERT INTO `sync_history` (`id`, `user_id`, `device_id`, `created_at`) VALUES
(2, 1, 'KTU84P', '2023-08-04 09:18:25');

-- --------------------------------------------------------

--
-- Table structure for table `tanks`
--

CREATE TABLE `tanks` (
  `tankId` bigint(20) NOT NULL,
  `clientId` varchar(255) DEFAULT NULL,
  `userId` int(11) DEFAULT NULL,
  `billingName` text,
  `tankType` text,
  `ownership` text,
  `tankSize` text,
  `unit` text,
  `description` text,
  `createdAt` datetime DEFAULT NULL,
  `updatedAt` datetime DEFAULT NULL ON UPDATE CURRENT_TIMESTAMP,
  `isActive` int(11) DEFAULT '1',
  `isSync` text,
  `deleted` int(11) DEFAULT NULL,
  `syncDate` datetime DEFAULT CURRENT_TIMESTAMP ON UPDATE CURRENT_TIMESTAMP,
  `deviceId` text
) ENGINE=InnoDB DEFAULT CHARSET=latin1;

--
-- Dumping data for table `tanks`
--

INSERT INTO `tanks` (`tankId`, `clientId`, `userId`, `billingName`, `tankType`, `ownership`, `tankSize`, `unit`, `description`, `createdAt`, `updatedAt`, `isActive`, `isSync`, `deleted`, `syncDate`, `deviceId`) VALUES
(1691067737534, '1691067627223', 1, 'House', 'Home Heat', 'Private', '4000', '', '', '2023-08-03 07:02:18', '2023-08-03 07:02:18', 1, '0', 0, '2023-08-07 01:13:38', 'C2E5C4F2-267B-45BF-9ECB-8696259D45F4'),
(1691068000286, '1691067980410', 1, 'Cabin', 'Home Heat', 'Rental', '2000', '688', '', '2023-08-03 07:06:40', '2023-08-03 07:06:40', 1, '0', 0, '2023-08-07 01:13:38', 'C2E5C4F2-267B-45BF-9ECB-8696259D45F4'),
(1691068184099, '1691068156654', 1, 'House 2 -500G', 'Home Heat', 'Private', '4000', '', '', '2023-08-03 07:09:44', '2023-08-03 07:09:44', 1, '0', 0, '2023-08-07 01:13:38', 'C2E5C4F2-267B-45BF-9ECB-8696259D45F4'),
(1691076970348, '1691068156654', 1, 'Renter House', 'Home Heat', 'Private', '2000', '', '', '2023-08-03 09:36:10', '2023-08-03 09:36:10', 1, '0', 0, '2023-08-07 01:13:38', 'C2E5C4F2-267B-45BF-9ECB-8696259D45F4'),
(1691078838331, '1691078811486', 1, 'Shop', 'Shop Heat', 'Rental', '2000', '702', '', '2023-08-03 10:07:18', '2023-08-03 10:07:18', 1, '0', 0, '2023-08-07 01:13:38', 'C2E5C4F2-267B-45BF-9ECB-8696259D45F4'),
(1691163727696, '1691078980969', 1, 'House', 'Home Heat', 'Rental', '4000', '486', '', '2023-08-04 09:42:08', '2023-08-04 09:42:08', 1, '0', 0, '2023-08-07 01:13:38', 'C2E5C4F2-267B-45BF-9ECB-8696259D45F4'),
(1691164381517, '1691164358472', 1, 'Barn', 'Shop Heat', 'Rental', '2000', '468', '', '2023-08-04 09:53:02', '2023-08-04 09:53:02', 1, '0', 0, '2023-08-07 01:13:38', 'C2E5C4F2-267B-45BF-9ECB-8696259D45F4'),
(1691164659338, '1691164618704', 1, 'Shop', 'Shop Heat', 'Private', '4800', '', '', '2023-08-04 09:57:39', '2023-08-04 09:57:39', 1, '0', 0, '2023-08-07 01:13:38', 'C2E5C4F2-267B-45BF-9ECB-8696259D45F4'),
(1691174004076, '1691173993311', 1, 'House', 'Home Heat', 'Private', '4000', '', '', '2023-08-04 12:33:24', '2023-08-04 12:33:24', 1, '0', 0, '2023-08-07 01:13:38', '124B1E03-1A1C-41DC-A6C8-39C0A9BBF3DF'),
(1691174140686, '1691174077518', 1, 'House', 'Home Heat', 'Private', '4000', '', '', '2023-08-04 12:35:41', '2023-08-04 12:35:41', 1, '0', 0, '2023-08-07 01:13:38', '124B1E03-1A1C-41DC-A6C8-39C0A9BBF3DF'),
(1691174152631, '1691174129754', 1, 'House', 'Home Heat', 'Private', '4000', '', '', '2023-08-04 12:35:53', '2023-08-04 12:35:53', 1, '0', 0, '2023-08-07 01:13:38', '124B1E03-1A1C-41DC-A6C8-39C0A9BBF3DF'),
(1691178479526, '1691178461366', 1, 'House', 'Home Heat', 'Rental', '4000', '505', '', '2023-08-04 13:48:00', '2023-08-04 13:48:00', 1, '0', 0, '2023-08-07 01:13:38', '124B1E03-1A1C-41DC-A6C8-39C0A9BBF3DF'),
(1691178604333, '1691178582613', 1, 'Shop', 'Shop Heat', 'Rental', '4000', '417', '', '2023-08-04 13:50:04', '2023-08-04 13:50:04', 1, '0', 0, '2023-08-07 01:13:38', '124B1E03-1A1C-41DC-A6C8-39C0A9BBF3DF'),
(1691178709991, '1691178692006', 1, 'House', 'Home Heat', 'Rental', '4000', '519', '', '2023-08-04 13:51:50', '2023-08-04 13:51:50', 1, '0', 0, '2023-08-07 01:13:38', '124B1E03-1A1C-41DC-A6C8-39C0A9BBF3DF'),
(1691178903972, '1691178837238', 1, '102/3-9-35-18', 'Oilfield', 'Rental', '4000', '637', 'Hwy 589 and RRD 184. 2N. 1E. N into', '2023-08-04 13:55:04', '2023-08-04 13:55:04', 1, '0', 1, '2023-08-05 01:34:31', '124B1E03-1A1C-41DC-A6C8-39C0A9BBF3DF'),
(1691178945181, '1691178837238', 1, '10-29-34-18', 'Oilfield', 'Rental', '4000', '665', 'Past battery. S. E into', '2023-08-04 13:55:45', '2023-08-04 13:55:45', 1, '0', 0, '2023-08-07 01:13:38', '124B1E03-1A1C-41DC-A6C8-39C0A9BBF3DF'),
(1691178986362, '1691178837238', 1, '6-29-34-18', 'Oilfield', 'Rental', '4000', '638', 'Past battery. S. End of line.', '2023-08-04 13:56:26', '2023-08-04 13:56:26', 1, '0', 0, '2023-08-07 01:13:38', '124B1E03-1A1C-41DC-A6C8-39C0A9BBF3DF'),
(1691179112528, '1691178837238', 1, '100/16-30-34-18', 'Oilfield', 'Rental', '4000', '698', 'W of battery. Road curves to the South', '2023-08-04 13:58:33', '2023-08-04 13:58:33', 1, '0', 0, '2023-08-07 01:13:38', '124B1E03-1A1C-41DC-A6C8-39C0A9BBF3DF'),
(1691179202546, '1691178837238', 1, '1-32-34-18', 'Oilfield', 'Rental', '4000', '484', 'E of battery. NSR.', '2023-08-04 14:00:03', '2023-08-04 14:00:03', 1, '0', 0, '2023-08-07 01:13:38', '124B1E03-1A1C-41DC-A6C8-39C0A9BBF3DF'),
(1691179241603, '1691178837238', 1, '16-29-34-18', 'Oilfield', 'Rental', '4000', '694', 'S before battery.', '2023-08-04 14:00:42', '2023-08-04 14:00:42', 1, '0', 0, '2023-08-07 01:13:38', '124B1E03-1A1C-41DC-A6C8-39C0A9BBF3DF'),
(1691179288379, '1691178837238', 1, '3-32-34-18', 'Oilfield', 'Rental', '4000', '697', 'At battery', '2023-08-04 14:01:28', '2023-08-04 14:01:28', 1, '0', 0, '2023-08-07 01:13:38', '124B1E03-1A1C-41DC-A6C8-39C0A9BBF3DF'),
(1691179348911, '1691178837238', 1, '100/14-29-34-18', 'Oilfield', 'Rental', '4000', '696', 'S of battery. WSR', '2023-08-04 14:02:29', '2023-08-04 14:02:29', 1, '0', 0, '2023-08-07 01:13:38', '124B1E03-1A1C-41DC-A6C8-39C0A9BBF3DF'),
(1691179428158, '1691178837238', 1, '102/3-9-35-18', 'Oilfield', 'Rental', '4000', '637', 'Hwy 589 and RRD 184. 2N. 1E. N into', '2023-08-04 14:03:48', '2023-08-04 14:03:48', 1, '0', 0, '2023-08-07 01:13:38', '124B1E03-1A1C-41DC-A6C8-39C0A9BBF3DF'),
(1691179537890, '1691178837238', 1, '8-8-35-18', 'Oilfield', 'Rental', '4000', '645', 'Hwy 589 and RRD 184. 1 3/4N. WSR', '2023-08-04 14:05:38', '2023-08-04 14:05:38', 1, '0', 0, '2023-08-07 01:13:38', '124B1E03-1A1C-41DC-A6C8-39C0A9BBF3DF'),
(1691179607518, '1691178837238', 1, '100/4-15-35-18', 'Oilfield', 'Rental', '4000', '693', 'RRD 184 and TWP 352. 1E. NSR ', '2023-08-04 14:06:48', '2023-08-04 14:06:48', 1, '0', 0, '2023-08-07 01:13:38', '124B1E03-1A1C-41DC-A6C8-39C0A9BBF3DF'),
(1691179645926, '1691178837238', 1, '11-29-34-18', 'Oilfield', 'Rental', '4000', '695', 'S of battery. WSR', '2023-08-04 14:07:26', '2023-08-04 14:07:26', 1, '0', 0, '2023-08-07 01:13:38', '124B1E03-1A1C-41DC-A6C8-39C0A9BBF3DF'),
(1691179801313, '1691179784454', 1, 'Shop', 'Shop Heat', 'Rental', '4000', '715', '', '2023-08-04 14:10:01', '2023-08-04 14:10:01', 1, '0', 0, '2023-08-07 01:13:38', '124B1E03-1A1C-41DC-A6C8-39C0A9BBF3DF'),
(1691179945356, '1691179885178', 1, 'Showers', 'Shop Heat', 'Private', '4000', '', '', '2023-08-04 14:12:25', '2023-08-04 14:12:25', 1, '0', 0, '2023-08-07 01:13:38', '124B1E03-1A1C-41DC-A6C8-39C0A9BBF3DF'),
(1691179959411, '1691179885178', 1, 'Shop', 'Shop Heat', 'Private', '4000', '', '', '2023-08-04 14:12:39', '2023-08-04 14:12:39', 1, '0', 0, '2023-08-07 01:13:38', '124B1E03-1A1C-41DC-A6C8-39C0A9BBF3DF'),
(1691179984763, '1691179885178', 1, 'House', 'Home Heat', 'Private', '4000', '', '', '2023-08-04 14:13:05', '2023-08-04 14:13:05', 1, '0', 0, '2023-08-07 01:13:38', '124B1E03-1A1C-41DC-A6C8-39C0A9BBF3DF'),
(1691180001004, '1691179885178', 1, 'Concession', 'Shop Heat', 'Private', '4000', '', '', '2023-08-04 14:13:21', '2023-08-04 14:13:21', 1, '0', 0, '2023-08-07 01:13:38', '124B1E03-1A1C-41DC-A6C8-39C0A9BBF3DF'),
(1691180017127, '1691179885178', 1, 'Water Plant', 'Shop Heat', 'Private', '4000', '', '', '2023-08-04 14:13:37', '2023-08-04 14:13:37', 1, '0', 0, '2023-08-07 01:13:38', '124B1E03-1A1C-41DC-A6C8-39C0A9BBF3DF'),
(1691180030024, '1691179885178', 1, 'Gate', 'Shop Heat', 'Private', '4000', '', '', '2023-08-04 14:13:50', '2023-08-04 14:13:50', 1, '0', 0, '2023-08-07 01:13:38', '124B1E03-1A1C-41DC-A6C8-39C0A9BBF3DF'),
(1691180044354, '1691179885178', 1, 'Irrigation', 'Irrigation', 'Private', '4000', '', '', '2023-08-04 14:14:04', '2023-08-04 14:14:04', 1, '0', 0, '2023-08-07 01:13:38', '124B1E03-1A1C-41DC-A6C8-39C0A9BBF3DF'),
(1691180234282, '1691180215505', 1, 'House', 'Home Heat', 'Private', '2200', '', '', '2023-08-04 14:17:14', '2023-08-04 14:17:14', 1, '0', 0, '2023-08-07 01:13:38', '124B1E03-1A1C-41DC-A6C8-39C0A9BBF3DF'),
(1691180405485, '1691180381397', 1, 'House', 'Home Heat', 'Rental', '4000', '569', '', '2023-08-04 14:20:05', '2023-08-04 14:20:05', 1, '0', 0, '2023-08-07 01:13:38', '124B1E03-1A1C-41DC-A6C8-39C0A9BBF3DF'),
(1691180548443, '1691180513710', 1, 'Dispenser', 'Bottle Fill', 'Private', '4000', '', '200PSI. Port exists.', '2023-08-04 14:22:28', '2023-08-04 14:22:28', 1, '0', 0, '2023-08-07 01:13:38', '124B1E03-1A1C-41DC-A6C8-39C0A9BBF3DF'),
(1691180647108, '1691180628672', 1, 'House', 'Home Heat', 'Private', '500', '', '', '2023-08-04 14:24:07', '2023-08-04 14:24:07', 1, '0', 0, '2023-08-07 01:13:38', '124B1E03-1A1C-41DC-A6C8-39C0A9BBF3DF'),
(1691180914709, '1691180857516', 1, 'East Shop. (Sometimes it’s not here. It’s on wheels. SN# 19458A)', 'Shop Heat', 'Private', '4000', '', '', '2023-08-04 14:28:35', '2023-08-04 14:28:35', 1, '0', 0, '2023-08-07 01:13:38', '124B1E03-1A1C-41DC-A6C8-39C0A9BBF3DF'),
(1691180936452, '1691180857516', 1, 'East House', 'Home Heat', 'Private', '4500', '', '', '2023-08-04 14:28:56', '2023-08-04 14:28:56', 1, '0', 0, '2023-08-07 01:13:38', '124B1E03-1A1C-41DC-A6C8-39C0A9BBF3DF'),
(1691181064446, '1691180857516', 1, 'East Irrigation', 'Irrigation', 'Private', '8000', '', 'Hwy 862 and TWP 264. E past coulee to top of hill. Turn S through gate. Road Y’s. Bear right and follow south and it will turn you E. Turn S through another gate towards the water. Road Y’S again. Bear left', '2023-08-04 14:31:04', '2023-08-04 14:31:04', 1, '0', 0, '2023-08-07 01:13:38', '124B1E03-1A1C-41DC-A6C8-39C0A9BBF3DF'),
(1691181325819, '1691180857516', 1, 'Centre Pivot', 'Irrigation', 'Private', '10000', '', 'Hwy 862 and TWP 264. 1/4E. Past junk. S at tight corner on prairie trail along ES of fence. and west side of pivot. Follow to a dam.', '2023-08-04 14:35:26', '2023-08-04 14:35:26', 1, '0', 0, '2023-08-07 01:13:38', '124B1E03-1A1C-41DC-A6C8-39C0A9BBF3DF'),
(1691181389970, '1691180857516', 1, 'Frank Roes', 'Home Heat', 'Private', '2000', '', 'in Dorothy', '2023-08-04 14:36:30', '2023-08-04 14:36:30', 1, '0', 0, '2023-08-07 01:13:38', '124B1E03-1A1C-41DC-A6C8-39C0A9BBF3DF'),
(1691181441199, '1691180857516', 1, 'Shop', 'Shop Heat', 'Private', '4000', '', '', '2023-08-04 14:37:21', '2023-08-04 14:37:21', 1, '0', 0, '2023-08-07 01:13:38', '124B1E03-1A1C-41DC-A6C8-39C0A9BBF3DF'),
(1691181547751, '1691180857516', 1, 'West House', 'Home Heat', 'Private', '4500', '', 'Hwy 862 and TWP 264. 3/4W. SSR. 15459 TWP 264.', '2023-08-04 14:39:08', '2023-08-04 14:39:08', 1, '0', 0, '2023-08-07 01:13:38', '124B1E03-1A1C-41DC-A6C8-39C0A9BBF3DF'),
(1691181811159, '1691181791588', 1, 'West Shop', 'Shop Heat', 'Rental', '4000', '74', '', '2023-08-04 14:43:31', '2023-08-04 14:43:31', 1, '0', 0, '2023-08-07 01:13:38', '124B1E03-1A1C-41DC-A6C8-39C0A9BBF3DF'),
(1691181982445, '1691181946135', 1, 'Shop', 'Shop Heat', 'Private', '4500', '', '', '2023-08-04 14:46:22', '2023-08-04 14:46:22', 1, '0', 0, '2023-08-07 01:13:38', '124B1E03-1A1C-41DC-A6C8-39C0A9BBF3DF'),
(1691182120110, '1691182080156', 1, 'Mobile 1000G', 'Shop Heat', 'Private', '4000', '', 'Who knows where the tank is', '2023-08-04 14:48:40', '2023-08-04 14:48:40', 1, '0', 0, '2023-08-07 01:13:38', '124B1E03-1A1C-41DC-A6C8-39C0A9BBF3DF'),
(1691182252847, '1691182233752', 1, 'Irrigation', 'Irrigation', 'Rental', '4000', '789', '', '2023-08-04 14:50:53', '2023-08-04 14:50:53', 1, '0', 0, '2023-08-07 01:13:38', '124B1E03-1A1C-41DC-A6C8-39C0A9BBF3DF'),
(1691182391145, '1691182369057', 1, 'Bottle Fill', 'Bottle Fill', 'Private', '2000', '', '', '2023-08-04 14:53:11', '2023-08-04 14:53:11', 1, '0', 0, '2023-08-07 01:13:38', '124B1E03-1A1C-41DC-A6C8-39C0A9BBF3DF'),
(1691182562609, '1691182503482', 1, 'West Shop 170045 RRD 225', 'Shop Heat', 'Private', '2000', '', 'Hwy 534 and RRD 225. 1/2N. ESR ', '2023-08-04 14:56:03', '2023-08-04 14:56:03', 1, '0', 0, '2023-08-07 01:13:38', '124B1E03-1A1C-41DC-A6C8-39C0A9BBF3DF'),
(1691182629678, '1691182503482', 1, 'East Shop 170052 RRD 224', 'Shop Heat', 'Private', '4000', '', 'Hwy 534 and RRD 224. 1N. WSR. They own this tank.', '2023-08-04 14:57:10', '2023-08-04 14:57:10', 1, '0', 0, '2023-08-07 01:13:38', '124B1E03-1A1C-41DC-A6C8-39C0A9BBF3DF'),
(1691182783214, '1691182749988', 1, 'House', 'Home Heat', 'Rental', '2000', '327', '', '2023-08-04 14:59:43', '2023-08-04 14:59:43', 1, '0', 0, '2023-08-07 01:13:38', '124B1E03-1A1C-41DC-A6C8-39C0A9BBF3DF'),
(1691250834810, '1691250814156', 1, 'House', 'Home Heat', 'Rental', '2000', '391', '', '2023-08-05 09:53:55', '2023-08-05 09:53:55', 1, '0', 0, '2023-08-07 01:13:38', '124B1E03-1A1C-41DC-A6C8-39C0A9BBF3DF'),
(1691250994689, '1691250980422', 1, 'Irrigation', 'Irrigation', 'Private', '2000', '', '', '2023-08-05 09:56:35', '2023-08-05 09:56:35', 1, '0', 0, '2023-08-07 01:13:38', '124B1E03-1A1C-41DC-A6C8-39C0A9BBF3DF'),
(1691251111434, '1691251092407', 1, 'East Irrigation', 'Irrigation', 'Rental', '4000', '182', '', '2023-08-05 09:58:31', '2023-08-05 09:58:31', 1, '0', 0, '2023-08-07 01:13:38', '124B1E03-1A1C-41DC-A6C8-39C0A9BBF3DF'),
(1691252238037, '1691252222670', 1, 'House', 'Home Heat', 'Private', '4000', '', '', '2023-08-05 10:17:18', '2023-08-05 10:17:18', 1, '0', 0, '2023-08-07 01:13:38', '124B1E03-1A1C-41DC-A6C8-39C0A9BBF3DF'),
(1691252272551, '1691252262335', 1, 'House', 'Home Heat', 'Private', '4000', '', '', '2023-08-05 10:17:53', '2023-08-05 10:17:53', 1, '0', 0, '2023-08-07 01:13:38', '124B1E03-1A1C-41DC-A6C8-39C0A9BBF3DF'),
(1691345766045, '1691345743733', 1, 'Offline Propane Tank', 'Offline Propane Use', 'Rental', '4000', '69', '', '2023-08-06 12:16:06', '2023-08-06 12:16:06', 1, '0', 0, '2023-08-07 01:13:38', '124B1E03-1A1C-41DC-A6C8-39C0A9BBF3DF'),
(1691346362802, '1691346315838', 1, 'Delete 1', 'Home Heat', 'Private', '2000', '', 'Tanks to test deleting', '2023-08-06 12:26:03', '2023-08-06 12:26:03', 1, '0', 0, '2023-08-07 01:13:38', '124B1E03-1A1C-41DC-A6C8-39C0A9BBF3DF'),
(1691346372156, '1691346315838', 1, 'Delete 2', 'Home Heat', 'Private', '2000', '', '', '2023-08-06 12:26:12', '2023-08-06 12:26:12', 1, '0', 0, '2023-08-07 01:13:38', '124B1E03-1A1C-41DC-A6C8-39C0A9BBF3DF'),
(1691346822822, '1691346811114', 1, 'Delete me 1', 'Home Heat', 'Private', '1000', '', '', '2023-08-06 12:33:43', '2023-08-06 12:33:43', 1, '0', 0, '2023-08-07 01:13:38', '124B1E03-1A1C-41DC-A6C8-39C0A9BBF3DF'),
(1691346834785, '1691346811114', 1, 'Delete me 2', 'Home Heat', 'Private', '4000', '', '', '2023-08-06 12:33:55', '2023-08-06 12:33:55', 1, '0', 0, '2023-08-07 01:13:38', '124B1E03-1A1C-41DC-A6C8-39C0A9BBF3DF');

-- --------------------------------------------------------

--
-- Table structure for table `tbl_client`
--

CREATE TABLE `tbl_client` (
  `client_id` bigint(20) NOT NULL,
  `user_id` int(11) DEFAULT NULL,
  `billing_name` varchar(255) DEFAULT NULL,
  `contact_name` varchar(255) DEFAULT NULL,
  `mailing_address` text,
  `direction` text,
  `phone` varchar(255) DEFAULT NULL,
  `second_phone` varchar(255) DEFAULT NULL,
  `area` varchar(255) DEFAULT NULL,
  `note` text,
  `shitlist` enum('yes','no') DEFAULT NULL,
  `prepay` enum('yes','no') DEFAULT NULL,
  `call_first` enum('yes','no') DEFAULT NULL,
  `warning` enum('yes','no') DEFAULT NULL,
  `created_at` timestamp NULL DEFAULT CURRENT_TIMESTAMP,
  `updated_at` timestamp NULL DEFAULT CURRENT_TIMESTAMP ON UPDATE CURRENT_TIMESTAMP,
  `is_active` int(11) DEFAULT '1',
  `deleted` int(11) DEFAULT NULL,
  `deviceId` text
) ENGINE=InnoDB DEFAULT CHARSET=utf8mb4;

-- --------------------------------------------------------

--
-- Table structure for table `tbl_client_tank_fill`
--

CREATE TABLE `tbl_client_tank_fill` (
  `fill_id` bigint(20) NOT NULL,
  `user_id` int(11) DEFAULT NULL,
  `client_id` int(11) DEFAULT NULL,
  `tank_id` int(11) DEFAULT NULL,
  `percentage` varchar(255) DEFAULT NULL,
  `volume` varchar(255) DEFAULT NULL,
  `price` varchar(255) DEFAULT NULL,
  `calendar` date DEFAULT NULL,
  `note` text,
  `created_at` timestamp NULL DEFAULT CURRENT_TIMESTAMP,
  `updated_at` timestamp NULL DEFAULT CURRENT_TIMESTAMP ON UPDATE CURRENT_TIMESTAMP,
  `deleted` int(11) DEFAULT NULL,
  `is_active` int(11) DEFAULT '1',
  `deviceId` text
) ENGINE=InnoDB DEFAULT CHARSET=utf8mb4;

-- --------------------------------------------------------

--
-- Table structure for table `tbl_tank`
--

CREATE TABLE `tbl_tank` (
  `tank_id` bigint(20) NOT NULL,
  `client_id` int(11) DEFAULT NULL,
  `user_id` int(11) DEFAULT NULL,
  `billing_name` varchar(255) DEFAULT NULL,
  `tank_type` varchar(255) DEFAULT NULL,
  `ownership` varchar(255) DEFAULT NULL,
  `tank_size` int(255) DEFAULT NULL,
  `unit` varchar(255) DEFAULT NULL,
  `description` text,
  `created_at` timestamp NULL DEFAULT CURRENT_TIMESTAMP,
  `updated_at` timestamp NULL DEFAULT CURRENT_TIMESTAMP ON UPDATE CURRENT_TIMESTAMP,
  `deleted` int(11) DEFAULT NULL,
  `is_active` int(11) DEFAULT '1',
  `deviceId` text
) ENGINE=InnoDB DEFAULT CHARSET=utf8mb4;

-- --------------------------------------------------------

--
-- Table structure for table `tbl_user`
--

CREATE TABLE `tbl_user` (
  `user_id` int(11) NOT NULL,
  `username` varchar(255) DEFAULT NULL,
  `password` varchar(255) DEFAULT NULL,
  `created_at` timestamp NULL DEFAULT CURRENT_TIMESTAMP,
  `updated_at` timestamp NULL DEFAULT CURRENT_TIMESTAMP ON UPDATE CURRENT_TIMESTAMP,
  `deleted` int(11) DEFAULT '0',
  `is_active` int(11) DEFAULT '1',
  `deviceId` text
) ENGINE=InnoDB DEFAULT CHARSET=utf8mb4;

-- --------------------------------------------------------

--
-- Table structure for table `units`
--

CREATE TABLE `units` (
  `unitId` bigint(20) NOT NULL,
  `userId` int(11) DEFAULT NULL,
  `unit` text,
  `typeofvehicle` text,
  `model` text,
  `vin` text,
  `tareweight` text,
  `grossweight` text,
  `oilchangeschedule` text,
  `greaseschedule` text,
  `notes` text,
  `createdAt` datetime DEFAULT NULL,
  `updatedAt` datetime DEFAULT NULL ON UPDATE CURRENT_TIMESTAMP,
  `isActive` int(11) NOT NULL DEFAULT '1',
  `isSync` text,
  `deleted` int(11) NOT NULL,
  `syncDate` datetime NOT NULL DEFAULT CURRENT_TIMESTAMP ON UPDATE CURRENT_TIMESTAMP,
  `deviceId` text
) ENGINE=InnoDB DEFAULT CHARSET=utf8mb4;

--
-- Dumping data for table `units`
--

INSERT INTO `units` (`unitId`, `userId`, `unit`, `typeofvehicle`, `model`, `vin`, `tareweight`, `grossweight`, `oilchangeschedule`, `greaseschedule`, `notes`, `createdAt`, `updatedAt`, `isActive`, `isSync`, `deleted`, `syncDate`, `deviceId`) VALUES
(1690986167340, 1, '9', 'Big Picker', 'Sterling', '', '', '', '', '', '2003\n10 Ton Crane\n', '2023-08-02 08:22:47', '2023-08-02 08:22:47', 1, '0', 0, '2023-08-07 01:13:38', '18EEDD65-8B84-4A0C-93FA-9EC55F98DC88'),
(1690986202497, 1, '3', 'Little Picker', 'Dodge 5500', '', '', '', 'Yearly Fall', 'Yearly Fall', '', '2023-08-02 08:23:22', '2023-08-02 08:23:22', 1, '0', 0, '2023-08-07 01:13:38', '18EEDD65-8B84-4A0C-93FA-9EC55F98DC88'),
(1690986258878, 1, '6', 'Propane Delivery', 'KW T370', '', '', '', '400 Hours', '200 Hours', 'Single Axel\nBlackmere Pump\nCVIC April\n', '2023-08-02 08:25:49', '2023-08-02 08:25:49', 1, '0', 0, '2023-08-07 01:13:38', '18EEDD65-8B84-4A0C-93FA-9EC55F98DC88'),
(1690986299169, 1, '5', 'Propane Delivery', 'KW T300', '', '', '', '250 Hours', '250 Hours', 'Single Axel', '2023-08-02 08:24:59', '2023-08-02 08:24:59', 1, '0', 0, '2023-08-07 01:13:38', '18EEDD65-8B84-4A0C-93FA-9EC55F98DC88'),
(1690986318637, 1, '8', 'Propane Delivery Tandem', 'KW T880', '', '', '', '', '', 'Tandem', '2023-08-02 08:25:28', '2023-08-02 08:25:28', 1, '0', 0, '2023-08-07 01:13:38', '18EEDD65-8B84-4A0C-93FA-9EC55F98DC88');

--
-- Indexes for dumped tables
--

--
-- Indexes for table `areas`
--
ALTER TABLE `areas`
  ADD PRIMARY KEY (`areaId`);

--
-- Indexes for table `clients`
--
ALTER TABLE `clients`
  ADD PRIMARY KEY (`clientId`);

--
-- Indexes for table `fills`
--
ALTER TABLE `fills`
  ADD PRIMARY KEY (`fillId`);

--
-- Indexes for table `maintenance`
--
ALTER TABLE `maintenance`
  ADD PRIMARY KEY (`maintenanceId`);

--
-- Indexes for table `propanes`
--
ALTER TABLE `propanes`
  ADD PRIMARY KEY (`propaneId`);

--
-- Indexes for table `rentals`
--
ALTER TABLE `rentals`
  ADD PRIMARY KEY (`rentalId`);

--
-- Indexes for table `schedule`
--
ALTER TABLE `schedule`
  ADD PRIMARY KEY (`scheduleId`);

--
-- Indexes for table `sync_history`
--
ALTER TABLE `sync_history`
  ADD PRIMARY KEY (`id`);

--
-- Indexes for table `tanks`
--
ALTER TABLE `tanks`
  ADD PRIMARY KEY (`tankId`);

--
-- Indexes for table `tbl_client`
--
ALTER TABLE `tbl_client`
  ADD PRIMARY KEY (`client_id`);

--
-- Indexes for table `tbl_client_tank_fill`
--
ALTER TABLE `tbl_client_tank_fill`
  ADD PRIMARY KEY (`fill_id`);

--
-- Indexes for table `tbl_tank`
--
ALTER TABLE `tbl_tank`
  ADD PRIMARY KEY (`tank_id`);

--
-- Indexes for table `tbl_user`
--
ALTER TABLE `tbl_user`
  ADD PRIMARY KEY (`user_id`);

--
-- Indexes for table `units`
--
ALTER TABLE `units`
  ADD PRIMARY KEY (`unitId`);

--
-- AUTO_INCREMENT for dumped tables
--

--
-- AUTO_INCREMENT for table `propanes`
--
ALTER TABLE `propanes`
  MODIFY `propaneId` bigint(20) NOT NULL AUTO_INCREMENT, AUTO_INCREMENT=1691067714734;

--
-- AUTO_INCREMENT for table `sync_history`
--
ALTER TABLE `sync_history`
  MODIFY `id` int(11) NOT NULL AUTO_INCREMENT, AUTO_INCREMENT=3;

--
-- AUTO_INCREMENT for table `tbl_user`
--
ALTER TABLE `tbl_user`
  MODIFY `user_id` int(11) NOT NULL AUTO_INCREMENT;

--
-- AUTO_INCREMENT for table `units`
--
ALTER TABLE `units`
  MODIFY `unitId` bigint(20) NOT NULL AUTO_INCREMENT, AUTO_INCREMENT=1690986318638;
COMMIT;

/*!40101 SET CHARACTER_SET_CLIENT=@OLD_CHARACTER_SET_CLIENT */;
/*!40101 SET CHARACTER_SET_RESULTS=@OLD_CHARACTER_SET_RESULTS */;
/*!40101 SET COLLATION_CONNECTION=@OLD_COLLATION_CONNECTION */;
